so_hieu,title,loai,co_quan,ngay_ban_hanh,ngay_hieu_luc,ngay_het_hieu_luc,raw_files,raw_formats,source_url,source_quality,legal_domains,document_role,status_2026_09_30,status_note,doc_id,scope,raw_sha256,replaced_by,repealed_by,amended_by,replaces,repeals,amends,consolidates
03/2021/NĐ-CP,Bảo hiểm bắt buộc trách nhiệm dân sự của chủ xe cơ giới,Nghị định,Chính phủ,2021-01-15,2021-03-01,2023-09-06,raw/pdf/03_2021_ND_CP_cb34365.pdf,PDF,https://congbao.chinhphu.vn/van-ban/x-33026.htm,OFFICIAL,CIVIL_LIABILITY_RELATED,ORIGINAL,REPLACED,bị 67/2023/NĐ-CP thay thế/bãi bỏ,03_2021_ND_CP,road_core,,,,,,,,
05/2024/TT-BGTVT,"Sửa đổi, bổ sung một số điều của các Thông tư liên quan đến lĩnh vực vận tải đường bộ, dịch vụ hỗ trợ vận tải đường bộ, phương tiện và người lái",Thông tư,BGTVT,2024-03-31,2024-06-01,,raw/pdf/05_2024_TT_BGTVT_cb49653.pdf|raw/pdf/05_2024_TT_BGTVT_cb49656.pdf,PDF,https://congbao.chinhphu.vn/van-ban/x-41648.htm,OFFICIAL,OTHER_SUPPORTING,AMENDMENT,UNKNOWN,Chưa xác minh hiệu lực độc lập trong phạm vi này.,05_2024_TT_BGTVT,road_core,,,,,,,,
100/2015/QH13,Bộ luật Hình sự (Điều 260 vi phạm quy định về tham gia giao thông đường bộ; Điều 261-266),Bộ luật,Quốc hội,2015-11-27,2016-07-01,,raw/pdf/100_2015_QH13_cb28629.pdf|raw/pdf/100_2015_QH13_cb28630.pdf|raw/pdf/100_2015_QH13_cb28631.pdf|raw/pdf/100_2015_QH13_cb28632.pdf,PDF,https://congbao.chinhphu.vn/van-ban/x-18096.htm,OFFICIAL,CRIMINAL_LAW_RELATED,ORIGINAL,AMENDED,Cần áp dụng cùng văn bản sửa đổi; xem báo cáo.,100_2015_QH13,adjacent,,,,,,,,
100/2019/NĐ-CP,Xử phạt VPHC GTĐB và đường sắt (superseded),Nghị định,Chính phủ,2019-12-30,2020-01-01,2025-01-01,raw/html/100_2019_ND_CP.html|raw/pdf/100_2019_ND_CP.pdf|raw/pdf/100_2019_ND_CP_cb29262.pdf|raw/pdf/100_2019_ND_CP_cb29265.pdf,HTML|PDF,https://congbao.chinhphu.vn/van-ban/nghi-dinh-so-100-2019-nd-cp-30341/29265.htm,OFFICIAL,ADMINISTRATIVE_SANCTIONS,ORIGINAL,REPLACED,bị 168/2024/NĐ-CP thay thế/bãi bỏ,100_2019_ND_CP,road_related,,,,,,,,
105/2026/TT-BCA,Sửa 65/2024 (phục hồi điểm),Thông tư,BCA,2026-06-26,2026-07-01,,raw/pdf/105_2026_TT_BCA.pdf|raw/html/105_2026_TT_BCA.html,HTML|PDF,https://congbao.chinhphu.vn/van-ban/thong-tu-so-105-2026-tt-bca-470053.htm,OFFICIAL,DRIVER_LICENSE,AMENDMENT,PARTIALLY_ACTIVE,Có mốc hiệu lực riêng cho một số điều khoản; xem báo cáo.,105_2026_TT_BCA,road_core,,,,,,,,
108/2026/TT-BCA,"Sát hạch, cấp GPLX (hiện hành)",Thông tư,Bộ Công an,2026-06-29,2026-07-01,,raw/doc/108_2026_TT_BCA.docx,DOCX,https://congbao.chinhphu.vn/van-ban/thong-tu-so-108-2026-tt-bca-470055.htm,OFFICIAL,DRIVER_LICENSE,ORIGINAL,ACTIVE,,108_2026_TT_BCA,road_core,,,,,,,,
11/VBHN-VPQH,Văn bản hợp nhất Bộ luật Hình sự,Văn bản hợp nhất,VPQH,2025-02-24,,,raw/pdf/11_VBHN_VPQH_cb55399.pdf|raw/pdf/11_VBHN_VPQH_cb55402.pdf|raw/pdf/11_VBHN_VPQH_cb55405.pdf|raw/pdf/11_VBHN_VPQH_cb55408.pdf,PDF,https://congbao.chinhphu.vn/van-ban/x-17539.htm,OFFICIAL,CRIMINAL_LAW_RELATED,CONSOLIDATED,UNKNOWN,Bản hợp nhất chỉ để tra cứu; không có hiệu lực riêng. Cần đối chiếu ngày chốt và các sửa đổi sau đó. VBHN không có hiệu lực độc lập; ngày gốc giữ tại underlying_effective_from.,11_VBHN_VPQH,consolidated,,,,,,,,
118/2021/NĐ-CP,Quy định chi tiết một số điều và biện pháp thi hành Luật Xử lý vi phạm hành chính,Nghị định,Chính phủ,2021-12-23,2022-01-01,,raw/pdf/118_2021_ND_CP_cb39095.pdf|raw/pdf/118_2021_ND_CP_cb39103.pdf|raw/pdf/118_2021_ND_CP_cb39106.pdf,PDF,https://congbao.chinhphu.vn/van-ban/x-36385.htm,OFFICIAL,JUVENILE_ADMINISTRATIVE_HANDLING|PROCEDURE_AND_ENFORCEMENT,ORIGINAL,AMENDED,Cần áp dụng cùng văn bản sửa đổi; xem báo cáo.,118_2021_ND_CP,procedural,,,,68/2025/NĐ-CP|190/2025/NĐ-CP,,,,
118/2025/QH15,"Luật sửa đổi 10 Luật liên quan an ninh, trật tự (gồm 35 & 36)",Luật,Quốc hội,2025-12-10,2026-07-01,,raw/pdf/118_2025_QH15.pdf|raw/html/118_2025_QH15.html,HTML|PDF,https://congbao.chinhphu.vn/van-ban/luat-so-118-2025-qh15-468680.htm,OFFICIAL,CORE_ROAD_TRAFFIC,AMENDMENT,PARTIALLY_ACTIVE,Có mốc hiệu lực riêng cho một số điều khoản; xem báo cáo.,118_2025_QH15,road_related,,,,,,,,
119/2024/NĐ-CP,Thanh toán điện tử giao thông đường bộ,Nghị định,Chính phủ,2024-09-30,2024-10-01,,raw/pdf/119_2024_ND_CP.pdf,PDF,https://vpubnd.daklak.gov.vn/CMS/Content/119_2024_ND-CP.pdf,TRUSTED_SECONDARY,TRANSPORT_BUSINESS,ORIGINAL,PARTIALLY_ACTIVE,Có mốc hiệu lực riêng cho một số điều khoản; xem báo cáo.,119_2024_ND_CP,road_core,,,,,,,,
12/2025/TT-BCA,"Sát hạch, cấp GPLX (cũ)",Thông tư,Bộ Công an,2025-02-28,2025-03-01,2026-07-01,raw/pdf/12_2025_TT_BCA.pdf|raw/pdf/12_2025_TT_BCA_cb55281.pdf|raw/pdf/12_2025_TT_BCA_cb55284.pdf,PDF,https://congbao.chinhphu.vn/van-ban/thong-tu-so-12-2025-tt-bca-44366.htm,OFFICIAL,DRIVER_LICENSE,ORIGINAL,REPLACED,bị 108/2026/TT-BCA thay thế/bãi bỏ,12_2025_TT_BCA,road_core,,,,,,,,
123/2021/NĐ-CP,Sửa NĐ xử phạt (gồm sửa 100),Nghị định,Chính phủ,2021-12-28,2022-01-01,,raw/html/123_2021_ND_CP.html|raw/pdf/123_2021_ND_CP.pdf|raw/pdf/123_2021_ND_CP_cb39152.pdf|raw/pdf/123_2021_ND_CP_cb39155.pdf,HTML|PDF,https://congbao.chinhphu.vn/van-ban/nghi-dinh-so-123-2021-nd-cp-36413/39152.htm,OFFICIAL,ADMINISTRATIVE_SANCTIONS,AMENDMENT,UNKNOWN,Chưa xác minh hiệu lực độc lập trong phạm vi này.,123_2021_ND_CP,road_related,,,,,,,,
130/2024/NĐ-CP,Thu phí sử dụng đường bộ cao tốc,Nghị định,Chính phủ,2024-10-10,2024-10-10,,raw/pdf/130_2024_ND_CP.pdf|raw/html/130_2024_ND_CP.html,HTML|PDF,https://congbao.chinhphu.vn/van-ban/nghi-dinh-so-130-2024-nd-cp-42895/52175.htm,OFFICIAL,TRANSPORT_BUSINESS,ORIGINAL,UNKNOWN,Chưa xác minh hiệu lực độc lập trong phạm vi này.,130_2024_ND_CP,road_core,,,,,,,,
135/2021/NĐ-CP,"Danh mục, quản lý, sử dụng phương tiện, thiết bị kỹ thuật nghiệp vụ và quy trình thu thập, sử dụng dữ liệu thu được để phát hiện vi phạm hành chính",Nghị định,Chính phủ,2021-12-31,2022-01-01,2026-04-01,raw/pdf/135_2021_ND_CP_cb39310.pdf,PDF,https://congbao.chinhphu.vn/van-ban/x-36493.htm,OFFICIAL,PROCEDURE_AND_ENFORCEMENT,ORIGINAL,REPLACED,Khoản 2 Điều 23 Nghị định 61/2026/NĐ-CP.,135_2021_ND_CP,procedural,,,61/2026/NĐ-CP,,,,,
15/2012/QH13,Luật Xử lý vi phạm hành chính (bản gốc 2012),Luật,Quốc hội,2012-06-20,2013-07-01,,raw/pdf/15_2012_QH13_cb11323.pdf,PDF,https://congbao.chinhphu.vn/van-ban/x-915.htm,OFFICIAL,ADMINISTRATIVE_SANCTIONS|JUVENILE_ADMINISTRATIVE_HANDLING,ORIGINAL,AMENDED,Cần áp dụng cùng văn bản sửa đổi; xem báo cáo.,15_2012_QH13,procedural,,,,,,,,
151/2024/NĐ-CP,Chi tiết / biện pháp thi hành Luật TTATGT đường bộ,Nghị định,Chính phủ,2024-11-15,2025-01-01,,raw/pdf/151_2024_ND_CP.pdf|raw/html/151_2024_ND_CP.html,HTML|PDF,https://congbao.chinhphu.vn/van-ban/nghi-dinh-so-151-2024-nd-cp-43411/53258.htm,OFFICIAL,CORE_ROAD_TRAFFIC,ORIGINAL,AMENDED,Cần áp dụng cùng văn bản sửa đổi; xem báo cáo.,151_2024_ND_CP,road_core,,,,,,,,
156/2024/NĐ-CP,Quy định về đấu giá biển số xe,Nghị định,Chính phủ,2024-12-10,2025-01-01,,raw/pdf/156_2024_ND_CP_cb53418.pdf,PDF,https://congbao.chinhphu.vn/van-ban/x-43494.htm,OFFICIAL,VEHICLE_REGISTRATION,ORIGINAL,UNKNOWN,Chưa xác minh hiệu lực độc lập trong phạm vi này.,156_2024_ND_CP,road_core,,,,,,,,
158/2024/NĐ-CP,Hoạt động vận tải đường bộ,Nghị định,Chính phủ,2024-12-18,2025-01-01,,raw/html/158_2024_ND_CP.html|raw/pdf/158_2024_ND_CP.pdf|raw/pdf/158_2024_ND_CP_cb53503.pdf|raw/pdf/158_2024_ND_CP_cb53506.pdf|raw/pdf/158_2024_ND_CP_cb53509.pdf,HTML|PDF,https://congbao.chinhphu.vn/van-ban/nghi-dinh-so-158-2024-nd-cp-43540.htm,OFFICIAL,TRANSPORT_BUSINESS,ORIGINAL,AMENDED,Cần áp dụng cùng văn bản sửa đổi; xem báo cáo.,158_2024_ND_CP,road_core,,,,,,,,
160/2024/NĐ-CP,Đào tạo và sát hạch lái xe,Nghị định,Chính phủ,2024-12-18,2025-01-01,,raw/pdf/160_2024_ND_CP.pdf,PDF,https://congbao.chinhphu.vn/van-ban/nghi-dinh-so-160-2024-nd-cp-43636.htm,OFFICIAL,DRIVER_LICENSE,ORIGINAL,ACTIVE,,160_2024_ND_CP,road_core,,,,,,,,
161/2024/NĐ-CP,Hàng hóa nguy hiểm trên đường bộ,Nghị định,Chính phủ,2024-12-18,2025-01-01,,raw/pdf/161_2024_ND_CP.pdf|raw/html/161_2024_ND_CP.html|raw/pdf/161_2024_ND_CP_congbao_part1.pdf|raw/pdf/161_2024_ND_CP_congbao_part2.pdf|raw/pdf/161_2024_ND_CP_congbao_part3.pdf,HTML|PDF,https://congbao.chinhphu.vn/van-ban/nghi-dinh-so-161-2024-nd-cp-43641/53833.htm,OFFICIAL,TRANSPORT_BUSINESS,ORIGINAL,UNKNOWN,Chưa xác minh hiệu lực độc lập trong phạm vi này.,161_2024_ND_CP,road_core,,,,,,,,
165/2024/NĐ-CP,Chi tiết Luật Đường bộ & Điều 77 Luật 36,Nghị định,Chính phủ,2024-12-26,2025-01-01,,raw/pdf/165_2024_ND_CP.pdf|raw/pdf/165_2024_ND_CP_cb54002.pdf|raw/pdf/165_2024_ND_CP_cb54005.pdf|raw/pdf/165_2024_ND_CP_p2.pdf,PDF,https://congbao.chinhphu.vn/van-ban/nghi-dinh-so-165-2024-nd-cp-43729/54005.htm,OFFICIAL,CORE_ROAD_TRAFFIC,ORIGINAL,AMENDED,Cần áp dụng cùng văn bản sửa đổi; xem báo cáo.,165_2024_ND_CP,road_core,,,,,,,,
1651/VBHN-BTP,Văn bản hợp nhất Nghị định quy định chi tiết một số điều và biện pháp thi hành Luật Xử lý vi phạm hành chính,Văn bản hợp nhất,BTP,2025-03-28,,,raw/pdf/1651_VBHN_BTP_cb55938.pdf|raw/pdf/1651_VBHN_BTP_cb55941.pdf|raw/pdf/1651_VBHN_BTP_cb55944.pdf|raw/pdf/1651_VBHN_BTP_cb55948.pdf,PDF,https://congbao.chinhphu.vn/van-ban/x-44676.htm,OFFICIAL,JUVENILE_ADMINISTRATIVE_HANDLING|PROCEDURE_AND_ENFORCEMENT,CONSOLIDATED,UNKNOWN,Bản hợp nhất 28/03/2025 không chứa sửa đổi 190/2025/NĐ-CP; không dùng một mình cho hiện hành.,1651_VBHN_BTP,consolidated_historical,,,,,,,,
166/2024/NĐ-CP,Đăng kiểm XCG; niên hạn sử dụng,Nghị định,Chính phủ,2024-12-26,2025-01-01,2026-07-01,raw/pdf/166_2024_ND_CP.pdf,PDF,https://congbao.chinhphu.vn/van-ban/nghi-dinh-so-166-2024-nd-cp-43743.htm,OFFICIAL,ROAD_SIGNS_AND_TECHNICAL_RULES,ORIGINAL,REPLACED,Điều khoản thay thế của 89/2026/NĐ-CP; giữ để tra cứu lịch sử và chuyển tiếp.,166_2024_ND_CP,road_core,,89/2026/NĐ-CP,,,,,,
168/2024/NĐ-CP,"Xử phạt VPHC TTATGT đường bộ; trừ điểm, phục hồi điểm GPLX",Nghị định,Chính phủ,2024-12-26,2025-01-01,,raw/html/168_2024_ND_CP.html|raw/pdf/168_2024_ND_CP.pdf|raw/pdf/168_2024_ND_CP_cb54010.pdf|raw/pdf/168_2024_ND_CP_cb54013.pdf,HTML|PDF,https://congbao.chinhphu.vn/van-ban/nghi-dinh-so-168-2024-nd-cp-43733/54010.htm,OFFICIAL,ADMINISTRATIVE_SANCTIONS,ORIGINAL,AMENDED,Cần áp dụng cùng văn bản sửa đổi; xem báo cáo.,168_2024_ND_CP,road_core,,,,,,,,
176/2024/NĐ-CP,QL kinh phí xử phạt TTATGT và đấu giá biển số,Nghị định,Chính phủ,2024-12-30,2025-01-01,,raw/pdf/176_2024_ND_CP.pdf,PDF,https://congbao.chinhphu.vn/van-ban/nghi-dinh-so-176-2024-nd-cp-43715/53983.htm,OFFICIAL,TRANSPORT_BUSINESS,ORIGINAL,UNKNOWN,Chưa xác minh hiệu lực độc lập trong phạm vi này.,176_2024_ND_CP,road_core,,,,,,,,
184/2025/NĐ-CP,Phân định thẩm quyền CQĐP 02 cấp; sửa NĐ ANTT (gồm sửa 151),Nghị định,Chính phủ,2025-07-01,2025-07-01,2027-03-01,raw/pdf/184_2025_ND_CP.pdf|raw/html/184_2025_ND_CP.html,HTML|PDF,https://congbao.chinhphu.vn/van-ban/nghi-dinh-so-184-2025-nd-cp-45448.htm,OFFICIAL,CORE_ROAD_TRAFFIC,AMENDMENT,UNKNOWN,Chưa xác minh hiệu lực độc lập trong phạm vi này.,184_2025_ND_CP,road_related,,,,,,,,
22/VBHN-BXD,Văn bản hợp nhất Nghị định quy định xử phạt vi phạm hành chính trong lĩnh vực giao thông đường thủy nội địa,Văn bản hợp nhất,BXD,2026-04-08,,,raw/pdf/22_VBHN_BXD_cb469373.pdf,PDF,https://congbao.chinhphu.vn/van-ban/x-469373.htm,OFFICIAL,INLAND_WATERWAY,CONSOLIDATED,UNKNOWN,OUT_OF_SCOPE: đường thủy nội địa; bản hợp nhất không có hiệu lực độc lập. 127 records penalties hiện tham chiếu tài liệu này. VBHN không có hiệu lực độc lập; ngày gốc giữ tại underlying_effective_from.,22_VBHN_BXD,out_of_scope,,,,,,,,
220/2026/NĐ-CP,"Sửa đổi, bổ sung Nghị định 67/2023/NĐ-CP về bảo hiểm bắt buộc",Nghị định,Chính phủ,2026-06-22,2026-07-01,,raw/pdf/220_2026_ND_CP_cb469840.pdf,PDF,https://congbao.chinhphu.vn/van-ban/x-469840.htm,OFFICIAL,CIVIL_LIABILITY_RELATED,AMENDMENT,UNKNOWN,Chưa xác minh hiệu lực độc lập trong phạm vi này.,220_2026_ND_CP,road_related,,,,,,,,
23/2008/QH12,Luật Giao thông đường bộ 2008,Luật,Quốc hội,2008-11-13,2009-07-01,2025-01-01,raw/doc/23_2008_QH12.doc|raw/html/23_2008_QH12.html,DOC|HTML,https://vanban.chinhphu.vn/?docid=81140&pageid=27160,OFFICIAL,CORE_ROAD_TRAFFIC,ORIGINAL,REPLACED,bị 35/2024/QH15 thay thế/bãi bỏ,23_2008_QH12,road_core,,,,,,,,
236/2026/NĐ-CP,Sửa đổi Nghị định 151/2024 (đã sửa bởi 184/2025),Nghị định,Chính phủ,2026-06-26,2026-07-01,,raw/pdf/236_2026_ND_CP.pdf|raw/doc/236_2026_ND_CP.docx,DOCX|PDF,https://congbao.chinhphu.vn/van-ban/x-469899.htm,OFFICIAL,CORE_ROAD_TRAFFIC,AMENDMENT,PARTIALLY_ACTIVE,Có mốc hiệu lực riêng cho một số điều khoản; xem báo cáo.,236_2026_ND_CP,road_core,,,,,,,,
238/2026/NĐ-CP,Sửa đổi Nghị định 168/2024 (xử phạt / trừ điểm),Nghị định,Chính phủ,2026-06-26,2026-08-15,,raw/pdf/238_2026_ND_CP.pdf|raw/doc/238_2026_ND_CP.docx,DOCX|PDF,https://congbao.chinhphu.vn/van-ban/x-469913.htm,OFFICIAL,ADMINISTRATIVE_SANCTIONS,AMENDMENT,PARTIALLY_ACTIVE,Có mốc hiệu lực riêng cho một số điều khoản; xem báo cáo.,238_2026_ND_CP,road_core,,,,,,,,
24/VBHN-BXD,"Văn bản hợp nhất Thông tư quy định về tổ chức, quản lý hoạt động vận tải bằng xe ô tô",Văn bản hợp nhất,BXD,2025-12-31,,,raw/pdf/24_VBHN_BXD_cb469738.pdf,PDF,https://congbao.chinhphu.vn/van-ban/x-469592.htm,OFFICIAL,TRANSPORT_BUSINESS,CONSOLIDATED,UNKNOWN,Bản hợp nhất chỉ để tra cứu; không có hiệu lực riêng. Cần đối chiếu ngày chốt và các sửa đổi sau đó. VBHN không có hiệu lực độc lập; ngày gốc giữ tại underlying_effective_from.,24_VBHN_BXD,consolidated,,,,,,,,
241/2026/NĐ-CP,Sửa đổi Nghị định 165/2024,Nghị định,Chính phủ,2026-06-26,2026-07-01,,raw/pdf/241_2026_ND_CP.pdf|raw/doc/241_2026_ND_CP.docx,DOCX|PDF,https://vanban.chinhphu.vn/?docid=218631&pageid=27160,OFFICIAL,CORE_ROAD_TRAFFIC,AMENDMENT,UNKNOWN,Chưa xác minh hiệu lực độc lập trong phạm vi này.,241_2026_ND_CP,road_core,,,,,,,,
26/2014/TTLT-BYT-BCA,Quy định về xét nghiệm nồng độ cồn trong máu của người điều khiển phương tiện giao thông cơ giới đường bộ,Thông tư liên tịch,BYT-BCA,2014-07-23,2014-09-19,,raw/pdf/26_2014_TTLT_BYT_BCA_cb7992.pdf,PDF,https://congbao.chinhphu.vn/van-ban/x-12543.htm,OFFICIAL,PROCEDURE_AND_ENFORCEMENT,ORIGINAL,UNKNOWN,Chưa xác minh hiệu lực độc lập trong phạm vi này.,26_2014_TTLT_BYT_BCA,road_core,,,,,,,,
26/VBHN-BXD,"Văn bản hợp nhất Thông tư quy định về tải trọng, khổ giới hạn đường bộ",Văn bản hợp nhất,BXD,2026-06-02,,,raw/pdf/26_VBHN_BXD_cb469739.pdf,PDF,https://congbao.chinhphu.vn/van-ban/x-469689.htm,OFFICIAL,ROAD_SIGNS_AND_TECHNICAL_RULES,CONSOLIDATED,UNKNOWN,Bản hợp nhất chỉ để tra cứu; không có hiệu lực riêng. Cần đối chiếu ngày chốt và các sửa đổi sau đó. VBHN không có hiệu lực độc lập; ngày gốc giữ tại underlying_effective_from.,26_VBHN_BXD,consolidated,,,,,,,,
27/VBHN-BXD,Văn bản hợp nhất Thông tư quy định về đào tạo lái xe; bồi dưỡng kiến thức pháp luật giao thông đường bộ,Văn bản hợp nhất,BXD,2026-06-12,,,raw/pdf/27_VBHN_BXD_cb469765.pdf,PDF,https://moc.gov.vn/pl/pages/ChiTietVanBan.aspx?TypeVB=2&vID=701,OFFICIAL,DRIVER_LICENSE,CONSOLIDATED,UNKNOWN,Bản hợp nhất chỉ để tra cứu; không có hiệu lực riêng. Cần đối chiếu ngày chốt và các sửa đổi sau đó. Sửa URL nguồn: trước đây trỏ nhầm văn bản 27/VBHN-BXD khác. VBHN không có hiệu lực độc lập; ngày gốc giữ tại underlying_effective_from.,27_VBHN_BXD,consolidated,,,,,,,,
27/VBHN-BXD-QLVH,"Văn bản hợp nhất Thông tư quy định về quản lý, vận hành, khai thác, bảo trì kết cấu hạ tầng đường bộ",Văn bản hợp nhất,BXD,2025-12-31,,,raw/pdf/27_VBHN_BXD_QLVH_cb469708.pdf,PDF,https://congbao.chinhphu.vn/van-ban/x-469708.htm,OFFICIAL,TRANSPORT_BUSINESS,CONSOLIDATED,UNKNOWN,Bản hợp nhất chỉ để tra cứu; không có hiệu lực riêng. Cần đối chiếu ngày chốt và các sửa đổi sau đó. VBHN không có hiệu lực độc lập; ngày gốc giữ tại underlying_effective_from.,27_VBHN_BXD_QLVH,consolidated,,,,,,,,
279/2025/NĐ-CP,Quỹ giảm thiểu thiệt hại tai nạn GTĐB,Nghị định,Chính phủ,2025-10-23,2025-12-15,,raw/pdf/279_2025_ND_CP.pdf,PDF,https://vanban.chinhphu.vn/?pageid=27160,UNKNOWN,TRANSPORT_BUSINESS,ORIGINAL,UNKNOWN,Chưa xác minh hiệu lực độc lập trong phạm vi này.,279_2025_ND_CP,road_core,,,,,,,,
28/VBHN-BXD,"Văn bản hợp nhất Thông tư quy định về công tác phòng, chống, khắc phục hậu quả thiên tai trong lĩnh vực đường bộ",Văn bản hợp nhất,BXD,2025-12-31,,,raw/pdf/28_VBHN_BXD_cb469690.pdf,PDF,https://congbao.chinhphu.vn/van-ban/x-469690.htm,OFFICIAL,TRANSPORT_BUSINESS,CONSOLIDATED,UNKNOWN,Bản hợp nhất chỉ để tra cứu; không có hiệu lực riêng. Cần đối chiếu ngày chốt và các sửa đổi sau đó. VBHN không có hiệu lực độc lập; ngày gốc giữ tại underlying_effective_from.,28_VBHN_BXD,consolidated,,,,,,,,
32/2023/TT-BCA,"Nhiệm vụ, quyền hạn, hình thức, nội dung và quy trình tuần tra, kiểm soát, xử lý vi phạm hành chính về giao thông đường bộ của Cảnh sát giao thông",Thông tư,BCA,2023-08-01,2023-09-15,2025-01-01,raw/pdf/32_2023_TT_BCA_cb46458.pdf,PDF,https://congbao.chinhphu.vn/van-ban/x-40111.htm,OFFICIAL,PROCEDURE_AND_ENFORCEMENT,ORIGINAL,REPLACED,bị 73/2024/TT-BCA thay thế/bãi bỏ,32_2023_TT_BCA,road_core,,,,,,,,
336/2025/NĐ-CP,Xử phạt VPHC trong hoạt động đường bộ,Nghị định,Chính phủ,2025-12-22,2026-03-01,,raw/pdf/336_2025_ND_CP.pdf|raw/doc/336_2025_ND_CP.docx,DOCX|PDF,https://xaydungchinhsach.chinhphu.vn/toan-van-nghi-dinh-so-336-2025-nd-cp-quy-dinh-xu-phat-vi-pham-hanh-chinh-trong-hoat-dong-duong-bo-119251224105604556.htm,OFFICIAL,ADMINISTRATIVE_SANCTIONS,ORIGINAL,ACTIVE,,336_2025_ND_CP,road_core,,,,,,,,
34/2024/TT-BGTVT,Quy định về hoạt động trạm thu phí đường bộ,Thông tư,BGTVT,2024-11-14,2025-01-01,,raw/pdf/34_2024_TT_BGTVT_cb52836.pdf,PDF,https://congbao.chinhphu.vn/van-ban/x-43232.htm,OFFICIAL,TRANSPORT_BUSINESS,ORIGINAL,UNKNOWN,Chưa xác minh hiệu lực độc lập trong phạm vi này.,34_2024_TT_BGTVT,road_core,,,,,,,,
35/2024/QH15,Luật Đường bộ,Luật,Quốc hội,2024-06-27,2025-01-01,,raw/pdf/35_2024_QH15.pdf|raw/html/35_2024_QH15.html,HTML|PDF,https://congbao.chinhphu.vn/van-ban/luat-so-35-2024-qh15-42568.htm,OFFICIAL,CORE_ROAD_TRAFFIC,ORIGINAL,AMENDED,Cần áp dụng cùng văn bản sửa đổi; xem báo cáo.,35_2024_QH15,road_core,,,,,,,,
35/2024/TT-BGTVT,"Đào tạo, sát hạch, cấp GPLX",Thông tư,BGTVT,2024-11-15,2025-01-01,2025-09-01,raw/html/35_2024_TT_BGTVT.html|raw/pdf/35_2024_TT_BGTVT.pdf|raw/pdf/35_2024_TT_BGTVT_cb53445.pdf|raw/pdf/35_2024_TT_BGTVT_cb53448.pdf|raw/pdf/35_2024_TT_BGTVT_cb53451.pdf,HTML|PDF,https://congbao.chinhphu.vn/van-ban/thong-tu-so-35-2024-tt-bgtvt-43510/53451.htm,OFFICIAL,DRIVER_LICENSE,ORIGINAL,REPLACED,bị 27/VBHN-BXD thay thế/bãi bỏ,35_2024_TT_BGTVT,road_core,,,,,,,,
36/2024/QH15,"Luật Trật tự, an toàn giao thông đường bộ",Luật,Quốc hội,2024-06-27,2025-01-01,,raw/pdf/36_2024_QH15.pdf|raw/pdf/36_2024_QH15_cb51422.pdf|raw/pdf/36_2024_QH15_cb51486.pdf|raw/pdf/36_2024_QH15_part2.pdf,PDF,https://congbao.chinhphu.vn/van-ban/luat-so-36-2024-qh15-42555/51486.htm,OFFICIAL,CORE_ROAD_TRAFFIC,ORIGINAL,AMENDED,Cần áp dụng cùng văn bản sửa đổi; xem báo cáo.,36_2024_QH15,road_core,,,,,,,,
36/2024/TT-BGTVT,"Tổ chức, QL vận tải bằng ô tô",Thông tư,BGTVT,2024-11-15,2025-01-01,,raw/pdf/36_2024_TT_BGTVT.pdf|raw/html/36_2024_TT_BGTVT.html,HTML|PDF,https://congbao.chinhphu.vn/van-ban/thong-tu-so-36-2024-tt-bgtvt-43364.htm,OFFICIAL,TRANSPORT_BUSINESS,ORIGINAL,AMENDED,Cần áp dụng cùng văn bản sửa đổi; xem báo cáo.,36_2024_TT_BGTVT,road_core,,,,,,,,
36/2024/TT-BYT,"Thông tư quy định về tiêu chuẩn sức khỏe, việc khám sức khỏe đối với người lái xe, người điều khiển xe máy chuyên dùng; việc khám sức khỏe định kỳ đối với người hành nghề lái xe ô tô; cơ sở dữ liệu về sức khỏe của người lái xe, người điều khiển xe máy chuyên dùng",Thông tư,BYT,2024-11-16,2025-01-01,,raw/pdf/36_2024_TT_BYT.pdf,PDF,https://datafiles.chinhphu.vn/cpp/files/vbpq/2024/11/36-byt.pdf,OFFICIAL,DRIVER_LICENSE,ORIGINAL,UNKNOWN,Chưa xác minh hiệu lực độc lập trong phạm vi này. PDF gốc đã khôi phục từ nguồn Chính phủ.,36_2024_TT_BYT,road_core,1c961895952e7c055e136696161deba494c6a341b894c7d94597b6ba846975c9,,,,,,,
364/2025/NĐ-CP,Phí sử dụng đường bộ thu qua đầu phương tiện ô tô,Nghị định,Chính phủ,2025-12-31,2026-01-01,,raw/pdf/364_2025_ND_CP_cb1.pdf,PDF,https://congbao.chinhphu.vn/van-ban/x-468589.htm,OFFICIAL,TRANSPORT_BUSINESS,ORIGINAL,UNKNOWN,Chưa xác minh hiệu lực độc lập trong phạm vi này.,364_2025_ND_CP,road_core,,,,,,,,
38/2024/TT-BGTVT,Tốc độ & khoảng cách an toàn,Thông tư,BGTVT,2024-11-15,2025-01-01,,raw/pdf/38_2024_TT_BGTVT.pdf,PDF,https://congbao.chinhphu.vn/van-ban/thong-tu-so-38-2024-tt-bgtvt-43378.htm,OFFICIAL,ROAD_SIGNS_AND_TECHNICAL_RULES,ORIGINAL,AMENDED,Cần áp dụng cùng văn bản sửa đổi; xem báo cáo.,38_2024_TT_BGTVT,road_core,,,,09/2025/TT-BXD,,,,
39/2024/TT-BGTVT,"Tải trọng, khổ giới hạn; xe quá khổ/tải; GP lưu hành",Thông tư,BGTVT,2024-11-15,2025-01-01,2025-07-01,raw/pdf/39_2024_TT_BGTVT_cb53112.pdf,PDF,https://congbao.chinhphu.vn/van-ban/thong-tu-so-39-2024-tt-bgtvt-43367.htm,OFFICIAL,ROAD_SIGNS_AND_TECHNICAL_RULES,ORIGINAL,REPLACED,Thông tư 12/2025/TT-BXD thay từ 01/07/2025; trước đây metadata ghi nhầm 2026-07-01; bảo lưu quy định chuyển tiếp.,39_2024_TT_BGTVT,road_core,,12/2025/TT-BXD,,,,,,
40/2024/TT-BGTVT,"Công tác phòng, chống, khắc phục hậu quả thiên tai trong lĩnh vực đường bộ",Thông tư,BGTVT,2024-11-15,2025-01-01,,raw/pdf/40_2024_TT_BGTVT_cb53114.pdf,PDF,https://congbao.chinhphu.vn/van-ban/x-43368.htm,OFFICIAL,TRANSPORT_BUSINESS,ORIGINAL,UNKNOWN,Chưa xác minh hiệu lực độc lập trong phạm vi này.,40_2024_TT_BGTVT,road_core,,,,,,,,
41/2024/TT-BGTVT,"QL, vận hành, khai thác, bảo trì KCHT đường bộ",Thông tư,BGTVT,2024-11-15,2025-01-01,,raw/html/41_2024_TT_BGTVT.html|raw/pdf/41_2024_TT_BGTVT.pdf|raw/pdf/41_2024_TT_BGTVT_cb53132.pdf|raw/pdf/41_2024_TT_BGTVT_cb53135.pdf,HTML|PDF,https://congbao.chinhphu.vn/van-ban/thong-tu-so-41-2024-tt-bgtvt-43379/53135.htm,OFFICIAL,TRANSPORT_BUSINESS,ORIGINAL,AMENDED,Cần áp dụng cùng văn bản sửa đổi; xem báo cáo.,41_2024_TT_BGTVT,road_core,,,,,,,,
44/2019/QH14,"Luật Phòng, chống tác hại của rượu, bia",Luật,Quốc hội,2019-06-14,2020-01-01,,raw/pdf/44_2019_QH14_cb27285.pdf,PDF,https://congbao.chinhphu.vn/van-ban/x-29251.htm,OFFICIAL,OTHER_SUPPORTING,ORIGINAL,UNKNOWN,Chưa xác minh hiệu lực độc lập trong phạm vi này.,44_2019_QH14,adjacent,,,,,,,,
45/2024/TT-BGTVT,"Cấp mới, cấp lại, tạm đình chỉ, thu hồi chứng chỉ đăng kiểm viên",Thông tư,BGTVT,2024-11-15,2025-01-01,,raw/pdf/45_2024_TT_BGTVT_cb53754.pdf,PDF,https://congbao.chinhphu.vn/van-ban/x-43595.htm,OFFICIAL,ROAD_SIGNS_AND_TECHNICAL_RULES,ORIGINAL,UNKNOWN,Chưa xác minh hiệu lực độc lập trong phạm vi này.,45_2024_TT_BGTVT,road_core,,,,,,,,
46/2024/TT-BGTVT,GCN đủ ĐK hoạt động CSĐK / kiểm định khí thải,Thông tư,BGTVT,2024-11-15,2025-01-01,,raw/pdf/46_2024_TT_BGTVT.pdf|raw/html/46_2024_TT_BGTVT.html,HTML|PDF,https://congbao.chinhphu.vn/van-ban/thong-tu-so-46-2024-tt-bgtvt-43614.htm,OFFICIAL,ROAD_SIGNS_AND_TECHNICAL_RULES,ORIGINAL,AMENDED,Chưa xác minh hiệu lực độc lập trong phạm vi này.,46_2024_TT_BGTVT,road_core,,,,45/2026/TT-BXD,,,,
47/2024/TT-BGTVT,"Trình tự, thủ tục kiểm định, miễn kiểm định lần đầu; chứng nhận an toàn kỹ thuật và bảo vệ môi trường xe cải tạo; kiểm định khí thải xe mô tô, xe gắn máy",Thông tư,BGTVT,2024-11-15,2025-01-01,2026-07-01,raw/pdf/47_2024_TT_BGTVT_cb53791.pdf,PDF,https://congbao.chinhphu.vn/van-ban/x-43619.htm,OFFICIAL,ROAD_SIGNS_AND_TECHNICAL_RULES,ORIGINAL,REPLACED,Thông tư 30/2026/TT-BXD bãi bỏ và ban hành khung thủ tục mới.,47_2024_TT_BGTVT,road_core,,,30/2026/TT-BXD,,,,,
48/2024/TT-BGTVT,Ban hành QCVN ATKT&BVMT XCG,Thông tư,BGTVT,2024-11-15,2025-01-01,,raw/pdf/48_2024_TT_BGTVT.pdf|raw/pdf/48_2024_TT_BGTVT_cb54097.pdf|raw/pdf/48_2024_TT_BGTVT_cb54100.pdf|raw/pdf/48_2024_TT_BGTVT_cb54106.pdf|raw/pdf/48_2024_TT_BGTVT_cb54109.pdf|raw/pdf/48_2024_TT_BGTVT_cb54112.pdf|raw/pdf/48_2024_TT_BGTVT_cb54115.pdf|raw/pdf/48_2024_TT_BGTVT_cb54118.pdf|raw/pdf/48_2024_TT_BGTVT_cb54121.pdf|raw/pdf/48_2024_TT_BGTVT_cb54124.pdf|raw/pdf/48_2024_TT_BGTVT_cb54127.pdf|raw/pdf/48_2024_TT_BGTVT_cb54130.pdf|raw/pdf/48_2024_TT_BGTVT_cb54133.pdf|raw/pdf/48_2024_TT_BGTVT_cb54136.pdf|raw/pdf/48_2024_TT_BGTVT_cb54139.pdf|raw/pdf/48_2024_TT_BGTVT_p10.pdf|raw/pdf/48_2024_TT_BGTVT_p11.pdf|raw/pdf/48_2024_TT_BGTVT_p12.pdf|raw/pdf/48_2024_TT_BGTVT_p13.pdf|raw/pdf/48_2024_TT_BGTVT_p14.pdf|raw/pdf/48_2024_TT_BGTVT_p16.pdf|raw/pdf/48_2024_TT_BGTVT_p17.pdf|raw/pdf/48_2024_TT_BGTVT_p18.pdf|raw/pdf/48_2024_TT_BGTVT_p19.pdf|raw/pdf/48_2024_TT_BGTVT_p20.pdf|raw/pdf/48_2024_TT_BGTVT_p21.pdf|raw/pdf/48_2024_TT_BGTVT_p22.pdf|raw/pdf/48_2024_TT_BGTVT_p23.pdf,PDF,https://congbao.chinhphu.vn/van-ban/thong-tu-so-48-2024-tt-bgtvt-43772/54100.htm,OFFICIAL,ROAD_SIGNS_AND_TECHNICAL_RULES,ORIGINAL,UNKNOWN,Chưa xác minh hiệu lực độc lập trong phạm vi này.,48_2024_TT_BGTVT,road_core,,,,,,,,
49/VBHN-VPQH,Văn bản hợp nhất Luật Đường bộ (35/2024 + 118/2025),Văn bản hợp nhất,VPQH,2026-03-17,,,raw/pdf/49_VBHN_VPQH_cb469134.pdf,PDF,https://congbao.chinhphu.vn/van-ban/x-28601.htm,OFFICIAL,CORE_ROAD_TRAFFIC,CONSOLIDATED,UNKNOWN,Bản hợp nhất chỉ để tra cứu; không có hiệu lực riêng. Cần đối chiếu ngày chốt và các sửa đổi sau đó. VBHN không có hiệu lực độc lập; ngày gốc giữ tại underlying_effective_from.,49_VBHN_VPQH,consolidated,,,,,,,,
50/2024/TT-BGTVT,"Quy chuẩn kỹ thuật quốc gia về cơ sở vật chất, vị trí cơ sở đăng kiểm xe cơ giới, cơ sở kiểm định khí thải và cơ sở bảo hành, bảo dưỡng ô tô",Thông tư,BGTVT,2024-11-15,2025-01-01,,raw/pdf/50_2024_TT_BGTVT_cb53871.pdf,PDF,https://congbao.chinhphu.vn/van-ban/x-43663.htm,OFFICIAL,ROAD_SIGNS_AND_TECHNICAL_RULES,ORIGINAL,UNKNOWN,Chưa xác minh hiệu lực độc lập trong phạm vi này.,50_2024_TT_BGTVT,road_core,,,,,,,,
51/2024/TT-BGTVT,QCVN báo hiệu đường bộ,Thông tư,Bộ GTVT,2024-11-15,2025-01-01,,raw/pdf/51_2024_TT_BGTVT.pdf|raw/pdf/51_2024_TT_BGTVT_cb53148.pdf|raw/pdf/51_2024_TT_BGTVT_cb53152.pdf|raw/pdf/51_2024_TT_BGTVT_cb53155.pdf|raw/pdf/51_2024_TT_BGTVT_cb53158.pdf|raw/pdf/51_2024_TT_BGTVT_cb53161.pdf,PDF,https://congbao.chinhphu.vn/van-ban/thong-tu-so-51-2024-tt-bgtvt-43387.htm,OFFICIAL,ROAD_SIGNS_AND_TECHNICAL_RULES,ORIGINAL,ACTIVE,,51_2024_TT_BGTVT,road_core,,,,,,,,
52/2024/TT-BGTVT,"Yêu cầu kỹ thuật đối với xe cơ giới, xe máy chuyên dùng thuộc đối tượng nghiên cứu phát triển tham gia giao thông đường bộ",Thông tư,BGTVT,2024-11-15,2025-01-01,,raw/pdf/52_2024_TT_BGTVT_cb53139.pdf,PDF,https://congbao.chinhphu.vn/van-ban/x-43382.htm,OFFICIAL,ROAD_SIGNS_AND_TECHNICAL_RULES,ORIGINAL,UNKNOWN,Chưa xác minh hiệu lực độc lập trong phạm vi này.,52_2024_TT_BGTVT,road_core,,,,,,,,
53/2024/TT-BGTVT,"Phân loại phương tiện giao thông đường bộ và dấu hiệu nhận biết xe cơ giới sử dụng năng lượng sạch, năng lượng xanh",Thông tư,BGTVT,2024-11-15,2025-01-01,,raw/pdf/53_2024_TT_BGTVT_cb53163.pdf,PDF,https://congbao.chinhphu.vn/van-ban/x-43393.htm,OFFICIAL,ROAD_SIGNS_AND_TECHNICAL_RULES,ORIGINAL,AMENDED,Cần áp dụng cùng văn bản sửa đổi; xem báo cáo.,53_2024_TT_BGTVT,road_core,,,,45/2026/TT-BXD,,,,
54/2019/TT-BGTVT,Ban hành QCVN 41:2019/BGTVT về báo hiệu đường bộ,Thông tư,BGTVT,2019-12-31,2020-07-01,2025-01-01,raw/pdf/54_2019_TT_BGTVT_cb29884.pdf|raw/pdf/54_2019_TT_BGTVT_cb30010.pdf|raw/pdf/54_2019_TT_BGTVT_cb30013.pdf,PDF,https://congbao.chinhphu.vn/van-ban/x-30665.htm,OFFICIAL,ROAD_SIGNS_AND_TECHNICAL_RULES,ORIGINAL,REPLACED,bị 51/2024/TT-BGTVT thay thế/bãi bỏ,54_2019_TT_BGTVT,road_core,,,,,,,,
55/2024/TT-BGTVT,"Trình tự, thủ tục chứng nhận chất lượng an toàn kỹ thuật và bảo vệ môi trường của xe cơ giới, xe máy chuyên dùng",Thông tư,BGTVT,2024-11-15,2025-01-01,,raw/pdf/55_2024_TT_BGTVT_cb53798.pdf|raw/pdf/55_2024_TT_BGTVT_cb53801.pdf|raw/pdf/55_2024_TT_BGTVT_cb53807.pdf,PDF,https://congbao.chinhphu.vn/van-ban/x-43625.htm,OFFICIAL,ROAD_SIGNS_AND_TECHNICAL_RULES,ORIGINAL,AMENDED,Cần áp dụng cùng văn bản sửa đổi; xem báo cáo.,55_2024_TT_BGTVT,road_core,,,,45/2026/TT-BXD,,,,
55/VBHN-VPQH,"Văn bản hợp nhất Luật Trật tự, an toàn giao thông đường bộ (36/2024 + 118/2025)",Văn bản hợp nhất,VPQH,2026-03-23,,,raw/pdf/55_VBHN_VPQH_cb469185.pdf,PDF,https://congbao.chinhphu.vn/van-ban/x-469185.htm,OFFICIAL,CORE_ROAD_TRAFFIC,CONSOLIDATED,UNKNOWN,Bản hợp nhất chỉ để tra cứu; không có hiệu lực riêng. Cần đối chiếu ngày chốt và các sửa đổi sau đó. VBHN không có hiệu lực độc lập; ngày gốc giữ tại underlying_effective_from.,55_VBHN_VPQH,consolidated,,,,,,,,
56/2024/TT-BGTVT,"Quy chuẩn kỹ thuật quốc gia về bến xe khách, bến xe hàng, trạm dừng nghỉ và công trình kiểm soát tải trọng xe",Thông tư,BGTVT,2024-11-15,2025-01-01,,raw/pdf/56_2024_TT_BGTVT_cb53762.pdf,PDF,https://congbao.chinhphu.vn/van-ban/x-43602.htm,OFFICIAL,ROAD_SIGNS_AND_TECHNICAL_RULES,ORIGINAL,UNKNOWN,Chưa xác minh hiệu lực độc lập trong phạm vi này.,56_2024_TT_BGTVT,road_core,,,,,,,,
56/VBHN-BXD,"Văn bản hợp nhất Nghị định quy định chi tiết thi hành một số điều liên quan đến lĩnh vực giao thông vận tải trong Luật sửa đổi, bổ sung một số điều của 37 luật có liên quan đến quy hoạch",Văn bản hợp nhất,BXD,2026-06-29,,,raw/pdf/56_VBHN_BXD_cb469946.pdf,PDF,https://congbao.chinhphu.vn/van-ban/x-469946.htm,OFFICIAL,OTHER_SUPPORTING,CONSOLIDATED,UNKNOWN,Quy hoạch giao thông vận tải; không phải nghị định hướng dẫn chung Luật Đường bộ; VBHN không có hiệu lực riêng. VBHN không có hiệu lực độc lập; ngày gốc giữ tại underlying_effective_from.,56_VBHN_BXD,other_supporting,,,,,,,,
58/VBHN-BXD,Văn bản hợp nhất Nghị định quy định về hoạt động vận tải đường bộ,Văn bản hợp nhất,BXD,2026-07-02,,,raw/pdf/58_VBHN_BXD_cb470058.pdf,PDF,https://congbao.chinhphu.vn/van-ban/x-470058.htm,OFFICIAL,TRANSPORT_BUSINESS,CONSOLIDATED,UNKNOWN,Bản hợp nhất chỉ để tra cứu; không có hiệu lực riêng. Cần đối chiếu ngày chốt và các sửa đổi sau đó. VBHN không có hiệu lực độc lập; ngày gốc giữ tại underlying_effective_from.,58_VBHN_BXD,consolidated,,,,,,,,
65/2024/TT-BCA,Phục hồi điểm GPLX,Thông tư,Bộ Công an,2024-11-12,2025-01-01,,raw/pdf/65_2024_TT_BCA.pdf,PDF,https://congbao.chinhphu.vn/van-ban/thong-tu-so-65-2024-tt-bca-43251.htm,OFFICIAL,DRIVER_LICENSE,ORIGINAL,AMENDED,Cần áp dụng cùng văn bản sửa đổi; xem báo cáo.,65_2024_TT_BCA,road_core,,,,,,,,
67/2023/NĐ-CP,"Bảo hiểm bắt buộc trách nhiệm dân sự của chủ xe cơ giới; bảo hiểm cháy, nổ bắt buộc; bảo hiểm bắt buộc trong hoạt động đầu tư xây dựng",Nghị định,Chính phủ,2023-09-06,2023-09-06,,raw/pdf/67_2023_ND_CP_cb46430.pdf|raw/pdf/67_2023_ND_CP_cb46433.pdf,PDF,https://congbao.chinhphu.vn/van-ban/x-40096.htm,OFFICIAL,CIVIL_LIABILITY_RELATED,ORIGINAL,AMENDED,Cần áp dụng cùng văn bản sửa đổi; xem báo cáo.,67_2023_ND_CP,road_related,,,,,,,,
69/2024/TT-BCA,"Chỉ huy, điều khiển GTĐB của CSGT",Thông tư,BCA,2024-11-12,2025-01-01,,raw/pdf/69_2024_TT_BCA.pdf,PDF,https://congbao.chinhphu.vn/van-ban/thong-tu-so-69-2024-tt-bca-43222/52821.htm,OFFICIAL,PROCEDURE_AND_ENFORCEMENT,ORIGINAL,UNKNOWN,Chưa xác minh hiệu lực độc lập trong phạm vi này.,69_2024_TT_BCA,road_core,,,,,,,,
71/2024/TT-BCA,QL dữ liệu GSHT & ghi hình người lái,Thông tư,Bộ Công an,2024-11-12,2025-01-01,,raw/pdf/71_2024_TT_BCA.pdf,PDF,https://congbao.chinhphu.vn/van-ban/thong-tu-so-71-2024-tt-bca-43215.htm,OFFICIAL,PROCEDURE_AND_ENFORCEMENT,ORIGINAL,UNKNOWN,Chưa xác minh hiệu lực độc lập trong phạm vi này.,71_2024_TT_BCA,road_core,,,,,,,,
72/2024/TT-BCA,"Điều tra, giải quyết TNGT",Thông tư,Bộ Công an,2024-11-13,2025-01-01,,raw/pdf/72_2024_TT_BCA.pdf,PDF,https://congbao.chinhphu.vn/van-ban/thong-tu-so-72-2024-tt-bca-43281.htm,OFFICIAL,PROCEDURE_AND_ENFORCEMENT,ORIGINAL,AMENDED,Cần áp dụng cùng văn bản sửa đổi; xem báo cáo.,72_2024_TT_BCA,road_core,,,,13/2025/TT-BCA,,,,
72/2025/TT-BXD,"Sửa đổi, bổ sung một số điều của các Thông tư 36/2024, 40/2024, 41/2024/TT-BGTVT",Thông tư,BXD,2025-12-31,2025-12-31,,raw/pdf/72_2025_TT_BXD_cb1.pdf,PDF,https://congbao.chinhphu.vn/van-ban/x-468850.htm,OFFICIAL,TRANSPORT_BUSINESS,AMENDMENT,UNKNOWN,Chưa xác minh hiệu lực độc lập trong phạm vi này.,72_2025_TT_BXD,road_core,,,,,,,,
73/2024/TT-BCA,"Tuần tra, xử lý VPHC CSGT",Thông tư,Bộ Công an,2024-11-15,2025-01-01,,raw/pdf/73_2024_TT_BCA.pdf,PDF,https://congbao.chinhphu.vn/van-ban/thong-tu-so-73-2024-tt-bca-43336/53041.htm,OFFICIAL,PROCEDURE_AND_ENFORCEMENT,ORIGINAL,AMENDED,Cần áp dụng cùng văn bản sửa đổi; xem báo cáo.,73_2024_TT_BCA,road_core,,,,13/2025/TT-BCA,,,,
79/2024/TT-BCA,"Cấp/thu hồi đăng ký xe, biển số xe",Thông tư,BCA,2024-11-15,2025-01-01,,raw/pdf/79_2024_TT_BCA.pdf|raw/pdf/79_2024_TT_BCA_cb53043.pdf|raw/pdf/79_2024_TT_BCA_cb53056.pdf|raw/pdf/79_2024_TT_BCA_p2.pdf,PDF,https://congbao.chinhphu.vn/van-ban/thong-tu-so-79-2024-tt-bca-43337/53043.htm,OFFICIAL,VEHICLE_REGISTRATION,ORIGINAL,AMENDED,Cần áp dụng cùng văn bản sửa đổi; xem báo cáo.,79_2024_TT_BCA,road_core,,,,13/2025/TT-BCA|51/2025/TT-BCA,,,,
81/2024/TT-BCA,QCVN biển số xe,Thông tư,BCA,2024-11-15,2025-01-01,,raw/pdf/81_2024_TT_BCA.pdf,PDF,https://congbao.chinhphu.vn/van-ban/thong-tu-so-81-2024-tt-bca-43345/53069.htm,OFFICIAL,VEHICLE_REGISTRATION|ROAD_SIGNS_AND_TECHNICAL_RULES,ORIGINAL,UNKNOWN,Chưa xác minh hiệu lực độc lập trong phạm vi này.,81_2024_TT_BCA,road_core,,,,,,,,
83/2024/TT-BCA,"Xây dựng, quản lý, vận hành, khai thác hệ thống giám sát bảo đảm an ninh, trật tự, an toàn giao thông đường bộ",Thông tư,BCA,2024-11-15,2025-01-01,,raw/pdf/83_2024_TT_BCA_cb52834.pdf,PDF,https://congbao.chinhphu.vn/van-ban/x-43231.htm,OFFICIAL,PROCEDURE_AND_ENFORCEMENT,ORIGINAL,UNKNOWN,Chưa xác minh hiệu lực độc lập trong phạm vi này.,83_2024_TT_BCA,road_core,,,,,,,,
86/2025/QH15,"Luật sửa đổi, bổ sung một số điều của Bộ luật Hình sự",Luật,Quốc hội,2025-06-25,2025-07-01,,raw/pdf/86_2025_QH15_cb57612.pdf,PDF,https://congbao.chinhphu.vn/van-ban/x-45528.htm,OFFICIAL,CRIMINAL_LAW_RELATED,AMENDMENT,UNKNOWN,Chưa xác minh hiệu lực độc lập trong phạm vi này.,86_2025_QH15,adjacent,,,,,,,,
88/2025/QH15,"Luật sửa đổi, bổ sung một số điều của Luật Xử lý vi phạm hành chính",Luật,Quốc hội,2025-06-25,2025-07-01,,raw/pdf/88_2025_QH15_cb57601.pdf,PDF,https://congbao.chinhphu.vn/van-ban/x-45522.htm,OFFICIAL,ADMINISTRATIVE_SANCTIONS|JUVENILE_ADMINISTRATIVE_HANDLING,AMENDMENT,UNKNOWN,Chưa xác minh hiệu lực độc lập trong phạm vi này.,88_2025_QH15,procedural,,,,,,,,
90/VBHN-VPQH,"Văn bản hợp nhất Luật Xử lý vi phạm hành chính (nền tảng thẩm quyền, thủ tục, thời hiệu xử phạt)",Văn bản hợp nhất,VPQH,2026-03-30,,,raw/pdf/90_VBHN_VPQH_cb469265.pdf,PDF,https://congbao.chinhphu.vn/van-ban/x-45984.htm,OFFICIAL,ADMINISTRATIVE_SANCTIONS|JUVENILE_ADMINISTRATIVE_HANDLING,CONSOLIDATED,UNKNOWN,Bản hợp nhất chỉ để tra cứu; không có hiệu lực riêng. Cần đối chiếu ngày chốt và các sửa đổi sau đó. VBHN không có hiệu lực độc lập; ngày gốc giữ tại underlying_effective_from.,90_VBHN_VPQH,consolidated,,,,,,,,
91/2015/QH13,Bộ luật Dân sự (bồi thường thiệt hại ngoài hợp đồng; nguồn nguy hiểm cao độ Điều 601),Bộ luật,Quốc hội,2015-11-24,2017-01-01,,raw/pdf/91_2015_QH13_cb12965.pdf|raw/pdf/91_2015_QH13_cb12968.pdf,PDF,https://congbao.chinhphu.vn/van-ban/x-14952.htm,OFFICIAL,CIVIL_LIABILITY_RELATED,ORIGINAL,ACTIVE,,91_2015_QH13,adjacent,,,,,,,,
89/2026/NĐ-CP,"Nghị định số 89/2026/NĐ-CP quy định về điều kiện kinh doanh dịch vụ kiểm định xe cơ giới; tổ chức, hoạt động của cơ sở đăng kiểm; niên hạn sử dụng của xe cơ giới",Nghị định,Chính phủ,2026-03-30,2026-07-01,,raw/pdf/89_2026_ND_CP.pdf,PDF,https://congbao.chinhphu.vn/van-ban/nghi-dinh-so-89-2026-nd-cp-469237/63866.htm,OFFICIAL,ROAD_SIGNS_AND_TECHNICAL_RULES,ORIGINAL,ACTIVE,Bản gốc/sửa đổi có hiệu lực tại ngày 2026-09-30.,89_2026_ND_CP,road_related,21bf8bcda2bc5dffcd0db2a1112f54cdd663d3c7cabb988a68d0ce45873cc79a,,,,166/2024/NĐ-CP,,,
30/2026/TT-BXD,"Thông tư số 30/2026/TT-BXD quy định trình tự, thủ tục kiểm định, miễn kiểm định lần đầu cho xe cơ giới, xe máy chuyên dùng; trình tự, thủ tục chứng nhận an toàn kỹ thuật và bảo vệ môi trường đối với xe cơ giới cải tạo, xe máy chuyên dùng cải tạo; trình tự, thủ tục kiểm định khí thải xe mô tô, xe gắn máy",Thông tư,Bộ Xây dựng,2026-06-15,2026-07-01,,raw/pdf/30_2026_TT_BXD.pdf,PDF,https://congbao.chinhphu.vn/van-ban/thong-tu-so-30-2026-tt-bxd-469941.htm,OFFICIAL,ROAD_SIGNS_AND_TECHNICAL_RULES,ORIGINAL,ACTIVE,Bản gốc/sửa đổi có hiệu lực tại ngày 2026-09-30.,30_2026_TT_BXD,road_related,2ecb5df9fdac6f6d2a7372bbd95d0d0689c658f8ffff0e1896b949008d80d98f,,,,,47/2024/TT-BGTVT,,
61/2026/NĐ-CP,"Nghị định số 61/2026/NĐ-CP quy định về danh mục, việc quản lý, sử dụng phương tiện, thiết bị kỹ thuật nghiệp vụ và quy trình thu thập, sử dụng dữ liệu thu được từ phương tiện, thiết bị kỹ thuật do cá nhân, tổ chức cung cấp để phát hiện vi phạm hành chính",Nghị định,Chính phủ,2026-02-13,2026-04-01,,raw/pdf/61_2026_ND_CP.pdf,PDF,https://congbao.chinhphu.vn/van-ban/nghi-dinh-so-61-2026-nd-cp-468978/62907.htm,OFFICIAL,PROCEDURE_AND_ENFORCEMENT,ORIGINAL,ACTIVE,Bản gốc/sửa đổi có hiệu lực tại ngày 2026-09-30.,61_2026_ND_CP,road_related,95c4c955fb70d8a9f27446b0be8bb059a8cbf91c4a715b447346c181db832668,,,,,135/2021/NĐ-CP,,
68/2025/NĐ-CP,"Nghị định số 68/2025/NĐ-CP sửa đổi, bổ sung một số điều của Nghị định số 118/2021/NĐ-CP ngày 23 tháng 12 năm 2021 của Chính phủ quy định chi tiết một số điều và biện pháp thi hành Luật Xử lý vi phạm hành chính.",Nghị định,Chính phủ,2025-03-18,2025-05-02,,raw/pdf/68_2025_ND_CP.pdf,PDF,https://congbao.chinhphu.vn/van-ban/nghi-dinh-so-68-2025-nd-cp-44617.htm,OFFICIAL,ADMINISTRATIVE_SANCTIONS|PROCEDURE_AND_ENFORCEMENT,AMENDMENT,ACTIVE,Bản gốc/sửa đổi có hiệu lực tại ngày 2026-09-30.,68_2025_ND_CP,road_related,01d2f3bd3839452fe3fd606703f13ef0056056969df627d696a8bf83d5773ca0,,,,,,118/2021/NĐ-CP,
190/2025/NĐ-CP,"Nghị định số 190/2025/NĐ-CP sửa đổi, bổ sung một số điều của Nghị định số 118/2021/NĐ-CP ngày 23 tháng 12 năm 2021 của Chính phủ quy định chi tiết một số điều và biện pháp thi hành Luật Xử lý vi phạm hành chính được sửa đổi, bổ sung theo Nghị định số 68/2025/NĐ-CP ngày 18 tháng 3 năm 2025 của Chính phủ và Nghị định số 120/2021/NĐ-CP ngày 24 tháng 12 năm 2021 của Chính phủ quy định chế độ áp dụng biện pháp xử lý hành chính giáo dục tại xã, phường, thị trấn.",Nghị định,Chính phủ,2025-07-01,2025-07-01,,raw/pdf/190_2025_ND_CP.pdf,PDF,https://congbao.chinhphu.vn/van-ban/nghi-dinh-so-190-2025-nd-cp-45601.htm,OFFICIAL,ADMINISTRATIVE_SANCTIONS|PROCEDURE_AND_ENFORCEMENT,AMENDMENT,ACTIVE,Bản gốc/sửa đổi có hiệu lực tại ngày 2026-09-30.,190_2025_ND_CP,road_related,14ab7d92fd3b196e620219f4f7c0882c2b5ffcdda0759a96edba3aa588ca3c87,,,,,,118/2021/NĐ-CP|120/2021/NĐ-CP,
13/2025/TT-BCA,"Thông tư số 13/2025/TT-BCA sửa đổi, bổ sung một số điều của các thông tư quy định về trật tự, an toàn giao thông đường bộ, đường sắt và đường thủy nội địa.",Thông tư,Bộ Công an,2025-02-28,2025-03-01,,raw/pdf/13_2025_TT_BCA_part1.pdf|raw/pdf/13_2025_TT_BCA_part2.pdf,PDF,https://congbao.chinhphu.vn/van-ban/thong-tu-so-13-2025-tt-bca-44372.htm,OFFICIAL,VEHICLE_REGISTRATION|PROCEDURE_AND_ENFORCEMENT,AMENDMENT,ACTIVE,Bản gốc/sửa đổi có hiệu lực tại ngày 2026-09-30.,13_2025_TT_BCA,road_related,4282ba2b733106f409535529557cfe1d2e6f81ee4248b08e05b63d3b91bf019c|496683f3bc6aaa562d93cd879f85e2557de0435dda95dfd8181227f3fdd2d8b5,,,,,,72/2024/TT-BCA|73/2024/TT-BCA|79/2024/TT-BCA,
51/2025/TT-BCA,"Thông tư số 51/2025/TT-BCA sửa đổi, bổ sung một số điều của Thông tư số 79/2024/TT-BCA ngày 15 tháng 11 năm 2024 của Bộ trưởng Bộ Công an quy định về cấp, thu hồi chứng nhận đăng ký xe, biển số xe cơ giới, xe máy chuyên dùng đã được sửa đổi, bổ sung tại Thông tư số 13/2025/TT-BCA ngày 28 tháng 02 năm 2025 của Bộ trưởng Bộ Công an.",Thông tư,Bộ Công an,2025-06-30,2025-07-01,,raw/pdf/51_2025_TT_BCA.pdf,PDF,https://congbao.chinhphu.vn/van-ban/thong-tu-so-51-2025-tt-bca-45356.htm,OFFICIAL,VEHICLE_REGISTRATION,AMENDMENT,ACTIVE,Bản gốc/sửa đổi có hiệu lực tại ngày 2026-09-30.,51_2025_TT_BCA,road_related,98f99f8c72241e9b0f3479ac7f4b26bceae7ba76313fa11109483a06cfa3ccbe,,,,,,79/2024/TT-BCA,
45/2026/TT-BXD,"Thông tư số 45/2026/TT-BXD của Bộ Xây dựng: Sửa đổi, bổ sung một số điều của các Thông tư trong lĩnh vực đăng kiểm phương tiện giao thông đường bộ",Thông tư,Bộ Xây dựng,2026-06-30,2026-07-01,,raw/pdf/45_2026_TT_BXD.pdf,PDF,https://vanban.chinhphu.vn/?classid=1&docid=218888&pageid=27160,OFFICIAL,ROAD_SIGNS_AND_TECHNICAL_RULES,AMENDMENT,ACTIVE,Bản gốc/sửa đổi có hiệu lực tại ngày 2026-09-30.,45_2026_TT_BXD,road_related,60d12007422bc1e3653197d557f23d244042144f0c0b3a4de704c0d5c1e58bed,,,,,,46/2024/TT-BGTVT|53/2024/TT-BGTVT|54/2024/TT-BGTVT|55/2024/TT-BGTVT,
105/VBHN-VPQH,Văn bản hợp nhất số 105/VBHN-VPQH hợp nhất Luật Tư pháp người chưa thành niên,Văn bản hợp nhất,Văn phòng Quốc hội,2026-05-19,,,raw/pdf/105_VBHN_VPQH_TPTN.pdf,PDF,https://congbao.chinhphu.vn/van-ban/van-ban-hop-nhat-so-105-vbhn-vpqh-469570/65164.htm,OFFICIAL,JUVENILE_ADMINISTRATIVE_HANDLING|CRIMINAL_LAW_RELATED,CONSOLIDATED,UNKNOWN,"Bản hợp nhất không có hiệu lực độc lập; luật gốc 59/2024 có hiệu lực 01/01/2026, chú ý điều khoản tương lai của 05/2026/QH16. VBHN không có hiệu lực độc lập; ngày gốc giữ tại underlying_effective_from.",105_VBHN_VPQH_TPTN,consolidated,ef2eef3fed15ec01184717ecd85ecda8ff21e8eb990486a7e4e70550bda032e0,,,,,,,59/2024/QH15|85/2025/QH15|05/2026/QH16
09/2025/TT-BXD,"Thông tư số 09/2025/TT-BXD sửa đổi, bổ sung một số điều của các Thông tư thuộc lĩnh vực quản lý nhà nước của Bộ Xây dựng liên quan đến sắp xếp tổ chức bộ máy, thực hiện chính quyền địa phương 02 cấp và phân cấp cho chính quyền địa phương.",Thông tư,Bộ Xây dựng,2025-06-13,2025-07-01,,raw/pdf/09_2025_TT_BXD.pdf,PDF,https://congbao.chinhphu.vn/van-ban/thong-tu-so-09-2025-tt-bxd-45399.htm,OFFICIAL,ROAD_SIGNS_AND_TECHNICAL_RULES|PROCEDURE_AND_ENFORCEMENT,AMENDMENT,ACTIVE,Bản gốc/sửa đổi có hiệu lực tại ngày 2026-09-30.,09_2025_TT_BXD,road_related,d1a49cc095ac5018d015537799a745dff1c1e95b3422434a4b72f6b0b47d8507,,,,,,38/2024/TT-BGTVT,
