doc_id,so_hieu,title,loai,co_quan,tier,status_hint,source_url,source_kind,n_units,n_dieu,text_chars,scrape_status,raw_files
100_2019_ND_CP,100/2019/NĐ-CP,Xử phạt VPHC GTĐB và đường sắt (superseded),NĐ,Chính phủ,Superseded,SUPERSEDED bởi 168/2024,https://congbao.chinhphu.vn/van-ban/nghi-dinh-so-100-2019-nd-cp-30341/29265.htm,congbao_pdf,1883,86,326401,ok,raw/html/100_2019_ND_CP.html|raw/pdf/100_2019_ND_CP.pdf|raw/pdf/100_2019_ND_CP_cb29262.pdf|raw/pdf/100_2019_ND_CP_cb29265.pdf
105_2026_TT_BCA,105/2026/TT-BCA,Sửa 65/2024 (phục hồi điểm),TT,BCA,Implementing,Còn hiệu lực,https://congbao.chinhphu.vn/van-ban/thong-tu-so-105-2026-tt-bca-470053.htm,congbao_pdf,38,7,18050,ok,raw/pdf/105_2026_TT_BCA.pdf|raw/html/105_2026_TT_BCA.html
118_2025_QH15,118/2025/QH15,"Luật sửa đổi 10 Luật liên quan an ninh, trật tự (gồm 35 & 36)",Luật,Quốc hội,Core,Còn hiệu lực,https://congbao.chinhphu.vn/van-ban/luat-so-118-2025-qh15-468680.htm,congbao_pdf,331,14,70254,ok,raw/pdf/118_2025_QH15.pdf|raw/html/118_2025_QH15.html
119_2024_ND_CP,119/2024/NĐ-CP,Thanh toán điện tử giao thông đường bộ,NĐ,Chính phủ,Implementing,Còn hiệu lực,https://vpubnd.daklak.gov.vn/CMS/Content/119_2024_ND-CP.pdf,official_repost_pdf,274,38,60267,ok,raw/pdf/119_2024_ND_CP.pdf
123_2021_ND_CP,123/2021/NĐ-CP,Sửa NĐ xử phạt (gồm sửa 100),NĐ,Chính phủ,Superseded,Superseded chain,https://congbao.chinhphu.vn/van-ban/nghi-dinh-so-123-2021-nd-cp-36413/39152.htm,congbao_pdf,1112,13,198676,ok,raw/html/123_2021_ND_CP.html|raw/pdf/123_2021_ND_CP.pdf|raw/pdf/123_2021_ND_CP_cb39152.pdf|raw/pdf/123_2021_ND_CP_cb39155.pdf
130_2024_ND_CP,130/2024/NĐ-CP,Thu phí sử dụng đường bộ cao tốc,NĐ,Chính phủ,Implementing,Còn hiệu lực,https://congbao.chinhphu.vn/van-ban/nghi-dinh-so-130-2024-nd-cp-42895/52175.htm,congbao_pdf,110,13,27019,ok,raw/pdf/130_2024_ND_CP.pdf|raw/html/130_2024_ND_CP.html
151_2024_ND_CP,151/2024/NĐ-CP,Chi tiết / biện pháp thi hành Luật TTATGT đường bộ,NĐ,Chính phủ,Core,Còn hiệu lực,https://congbao.chinhphu.vn/van-ban/nghi-dinh-so-151-2024-nd-cp-43411/53258.htm,congbao_pdf,418,39,124377,ok,raw/pdf/151_2024_ND_CP.pdf|raw/html/151_2024_ND_CP.html
156_2024_ND_CP,156/2024/NĐ-CP,Quy định về đấu giá biển số xe,Nghị định,Chính phủ,Implementing,,https://congbao.chinhphu.vn/van-ban/x-43494.htm,ocr_dictionary_cleaned,179,29,73411,ok,raw/pdf/156_2024_ND_CP_cb53418.pdf
158_2024_ND_CP,158/2024/NĐ-CP,Hoạt động vận tải đường bộ,NĐ,Chính phủ,Implementing,Còn hiệu lực,https://congbao.chinhphu.vn/van-ban/nghi-dinh-so-158-2024-nd-cp-43540.htm,congbao_pdf,1417,78,428464,ok,raw/html/158_2024_ND_CP.html|raw/pdf/158_2024_ND_CP.pdf|raw/pdf/158_2024_ND_CP_cb53503.pdf|raw/pdf/158_2024_ND_CP_cb53506.pdf|raw/pdf/158_2024_ND_CP_cb53509.pdf
160_2024_ND_CP,160/2024/NĐ-CP,Đào tạo và sát hạch lái xe,NĐ,Chính phủ,Implementing,Còn hiệu lực,https://congbao.chinhphu.vn/van-ban/nghi-dinh-so-160-2024-nd-cp-43636.htm,congbao_pdf,452,42,136687,ok,raw/pdf/160_2024_ND_CP.pdf
161_2024_ND_CP,161/2024/NĐ-CP,Hàng hóa nguy hiểm trên đường bộ,NĐ,Chính phủ,Implementing,Còn hiệu lực,https://congbao.chinhphu.vn/van-ban/nghi-dinh-so-161-2024-nd-cp-43641/53833.htm,congbao_pdf,290,33,817401,ok,raw/pdf/161_2024_ND_CP.pdf|raw/html/161_2024_ND_CP.html|raw/pdf/161_2024_ND_CP_congbao_part1.pdf|raw/pdf/161_2024_ND_CP_congbao_part2.pdf|raw/pdf/161_2024_ND_CP_congbao_part3.pdf
165_2024_ND_CP,165/2024/NĐ-CP,Chi tiết Luật Đường bộ & Điều 77 Luật 36,NĐ,Chính phủ,Core,Còn hiệu lực,https://congbao.chinhphu.vn/van-ban/nghi-dinh-so-165-2024-nd-cp-43729/54005.htm,congbao_pdf,943,69,282284,ok,raw/pdf/165_2024_ND_CP.pdf|raw/pdf/165_2024_ND_CP_cb54002.pdf|raw/pdf/165_2024_ND_CP_cb54005.pdf|raw/pdf/165_2024_ND_CP_p2.pdf
166_2024_ND_CP,166/2024/NĐ-CP,Đăng kiểm XCG; niên hạn sử dụng,NĐ,Chính phủ,Superseded,Hết hiệu lực từ 01/07/2026; thay bởi 89/2026/NĐ-CP,https://congbao.chinhphu.vn/van-ban/nghi-dinh-so-166-2024-nd-cp-43743.htm,congbao_pdf,267,28,74831,ok,raw/pdf/166_2024_ND_CP.pdf
168_2024_ND_CP,168/2024/NĐ-CP,"Xử phạt VPHC TTATGT đường bộ; trừ điểm, phục hồi điểm GPLX",NĐ,Chính phủ,Core,Còn hiệu lực,https://congbao.chinhphu.vn/van-ban/nghi-dinh-so-168-2024-nd-cp-43733/54010.htm,congbao_pdf,1297,55,259749,ok,raw/html/168_2024_ND_CP.html|raw/pdf/168_2024_ND_CP.pdf|raw/pdf/168_2024_ND_CP_cb54010.pdf|raw/pdf/168_2024_ND_CP_cb54013.pdf
176_2024_ND_CP,176/2024/NĐ-CP,QL kinh phí xử phạt TTATGT và đấu giá biển số,NĐ,Chính phủ,Implementing,Còn hiệu lực,https://congbao.chinhphu.vn/van-ban/nghi-dinh-so-176-2024-nd-cp-43715/53983.htm,congbao_pdf,57,9,12553,ok,raw/pdf/176_2024_ND_CP.pdf
184_2025_ND_CP,184/2025/NĐ-CP,Phân định thẩm quyền CQĐP 02 cấp; sửa NĐ ANTT (gồm sửa 151),NĐ,Chính phủ,Implementing,Còn hiệu lực,https://congbao.chinhphu.vn/van-ban/nghi-dinh-so-184-2025-nd-cp-45448.htm,congbao_pdf,486,30,152989,ok,raw/pdf/184_2025_ND_CP.pdf|raw/html/184_2025_ND_CP.html
236_2026_ND_CP,236/2026/NĐ-CP,Sửa đổi Nghị định 151/2024 (đã sửa bởi 184/2025),Nghị định,Chính phủ,Implementing,,https://congbao.chinhphu.vn/van-ban/x-469899.htm,congbao_docx_clean,159,19,62958,ok,raw/pdf/236_2026_ND_CP.pdf|raw/doc/236_2026_ND_CP.docx
238_2026_ND_CP,238/2026/NĐ-CP,Sửa đổi Nghị định 168/2024 (xử phạt / trừ điểm),Nghị định,Chính phủ,Implementing,,https://congbao.chinhphu.vn/van-ban/x-469913.htm,congbao_docx_clean,154,21,27040,ok,raw/pdf/238_2026_ND_CP.pdf|raw/doc/238_2026_ND_CP.docx
23_2008_QH12,23/2008/QH12,Luật Giao thông đường bộ 2008,Luật,Quốc hội,Superseded,Bị thay thế bởi 35+36/2024,https://vanban.chinhphu.vn/?docid=81140&pageid=27160,vanban_doc,705,89,100440,ok,raw/doc/23_2008_QH12.doc|raw/html/23_2008_QH12.html
241_2026_ND_CP,241/2026/NĐ-CP,Sửa đổi Nghị định 165/2024,Nghị định,Chính phủ,Implementing,,https://vanban.chinhphu.vn/?docid=218631&pageid=27160,congbao_docx_clean,371,37,134875,ok,raw/pdf/241_2026_ND_CP.pdf|raw/doc/241_2026_ND_CP.docx
279_2025_ND_CP,279/2025/NĐ-CP,Quỹ giảm thiểu thiệt hại tai nạn GTĐB,Nghị định,Chính phủ,Implementing,,https://vanban.chinhphu.vn/?pageid=27160,ocr_dictionary_cleaned,58,13,11808,,raw/pdf/279_2025_ND_CP.pdf
336_2025_ND_CP,336/2025/NĐ-CP,Xử phạt VPHC trong hoạt động đường bộ,Nghị định,Chính phủ,Implementing,,https://xaydungchinhsach.chinhphu.vn/toan-van-nghi-dinh-so-336-2025-nd-cp-quy-dinh-xu-phat-vi-pham-hanh-chinh-trong-hoat-dong-duong-bo-119251224105604556.htm,congbao_docx_clean,442,28,66556,ok,raw/pdf/336_2025_ND_CP.pdf|raw/doc/336_2025_ND_CP.docx
35_2024_QH15,35/2024/QH15,Luật Đường bộ,Luật,Quốc hội,Core,Còn hiệu lực,https://congbao.chinhphu.vn/van-ban/luat-so-35-2024-qh15-42568.htm,congbao_pdf,856,85,151652,ok,raw/pdf/35_2024_QH15.pdf|raw/html/35_2024_QH15.html
35_2024_TT_BGTVT,35/2024/TT-BGTVT,"Đào tạo, sát hạch, cấp GPLX",TT,BGTVT,Superseded,Hết hiệu lực từ 2025-09-01; giữ để tra cứu lịch sử/chuyển tiếp,https://congbao.chinhphu.vn/van-ban/thong-tu-so-35-2024-tt-bgtvt-43510/53451.htm,congbao_pdf,1528,67,401264,ok,raw/html/35_2024_TT_BGTVT.html|raw/pdf/35_2024_TT_BGTVT.pdf|raw/pdf/35_2024_TT_BGTVT_cb53445.pdf|raw/pdf/35_2024_TT_BGTVT_cb53448.pdf|raw/pdf/35_2024_TT_BGTVT_cb53451.pdf
36_2024_QH15,36/2024/QH15,"Luật Trật tự, an toàn giao thông đường bộ",Luật,Quốc hội,Core,Còn hiệu lực,https://congbao.chinhphu.vn/van-ban/luat-so-36-2024-qh15-42555/51486.htm,congbao_pdf_multipart,972,89,166760,ok,raw/pdf/36_2024_QH15.pdf|raw/pdf/36_2024_QH15_cb51422.pdf|raw/pdf/36_2024_QH15_cb51486.pdf|raw/pdf/36_2024_QH15_part2.pdf
36_2024_TT_BGTVT,36/2024/TT-BGTVT,"Tổ chức, QL vận tải bằng ô tô",TT,BGTVT,Implementing,Còn hiệu lực,https://congbao.chinhphu.vn/van-ban/thong-tu-so-36-2024-tt-bgtvt-43364.htm,congbao_pdf,497,50,127988,ok,raw/pdf/36_2024_TT_BGTVT.pdf|raw/html/36_2024_TT_BGTVT.html
36_2024_TT_BYT,36/2024/TT-BYT,"Thông tư quy định về tiêu chuẩn sức khỏe, việc khám sức khỏe đối với người lái xe, người điều khiển xe máy chuyên dùng; việc khám sức khỏe định kỳ đối với người hành nghề lái xe ô tô; cơ sở dữ liệu về sức khỏe của người lái xe, người điều khiển xe máy chuyên dùng",TT,BYT,Implementing,Còn hiệu lực,https://datafiles.chinhphu.vn/cpp/files/vbpq/2024/11/36-byt.pdf,datafiles_pdf,63,10,31801,ok,raw/pdf/36_2024_TT_BYT.pdf
38_2024_TT_BGTVT,38/2024/TT-BGTVT,Tốc độ & khoảng cách an toàn,TT,BGTVT,Implementing,Còn hiệu lực,https://congbao.chinhphu.vn/van-ban/thong-tu-so-38-2024-tt-bgtvt-43378.htm,congbao_pdf,55,12,14318,ok,raw/pdf/38_2024_TT_BGTVT.pdf
39_2024_TT_BGTVT,39/2024/TT-BGTVT,"Tải trọng, khổ giới hạn; xe quá khổ/tải; GP lưu hành",TT,BGTVT,Superseded,Hết hiệu lực từ 01/07/2025; thay bởi 12/2025/TT-BXD,https://congbao.chinhphu.vn/van-ban/thong-tu-so-39-2024-tt-bgtvt-43367.htm,congbao_pdf,315,33,101105,ok,raw/pdf/39_2024_TT_BGTVT_cb53112.pdf
41_2024_TT_BGTVT,41/2024/TT-BGTVT,"QL, vận hành, khai thác, bảo trì KCHT đường bộ",TT,BGTVT,Implementing,Còn hiệu lực,https://congbao.chinhphu.vn/van-ban/thong-tu-so-41-2024-tt-bgtvt-43379/53135.htm,congbao_pdf,619,22,206849,ok,raw/html/41_2024_TT_BGTVT.html|raw/pdf/41_2024_TT_BGTVT.pdf|raw/pdf/41_2024_TT_BGTVT_cb53132.pdf|raw/pdf/41_2024_TT_BGTVT_cb53135.pdf
46_2024_TT_BGTVT,46/2024/TT-BGTVT,GCN đủ ĐK hoạt động CSĐK / kiểm định khí thải,TT,BGTVT,Implementing,Còn hiệu lực,https://congbao.chinhphu.vn/van-ban/thong-tu-so-46-2024-tt-bgtvt-43614.htm,congbao_pdf,488,25,205950,ok,raw/pdf/46_2024_TT_BGTVT.pdf|raw/html/46_2024_TT_BGTVT.html
48_2024_TT_BGTVT,48/2024/TT-BGTVT,Ban hành QCVN ATKT&BVMT XCG,TT,BGTVT,Implementing,Còn hiệu lực,https://congbao.chinhphu.vn/van-ban/thong-tu-so-48-2024-tt-bgtvt-43772/54100.htm,congbao_pdf,3823,2,1871586,ok,raw/pdf/48_2024_TT_BGTVT.pdf|raw/pdf/48_2024_TT_BGTVT_cb54097.pdf|raw/pdf/48_2024_TT_BGTVT_cb54100.pdf|raw/pdf/48_2024_TT_BGTVT_cb54106.pdf|raw/pdf/48_2024_TT_BGTVT_cb54109.pdf|raw/pdf/48_2024_TT_BGTVT_cb54112.pdf|raw/pdf/48_2024_TT_BGTVT_cb54115.pdf|raw/pdf/48_2024_TT_BGTVT_cb54118.pdf|raw/pdf/48_2024_TT_BGTVT_cb54121.pdf|raw/pdf/48_2024_TT_BGTVT_cb54124.pdf|raw/pdf/48_2024_TT_BGTVT_cb54127.pdf|raw/pdf/48_2024_TT_BGTVT_cb54130.pdf|raw/pdf/48_2024_TT_BGTVT_cb54133.pdf|raw/pdf/48_2024_TT_BGTVT_cb54136.pdf|raw/pdf/48_2024_TT_BGTVT_cb54139.pdf|raw/pdf/48_2024_TT_BGTVT_p10.pdf|raw/pdf/48_2024_TT_BGTVT_p11.pdf|raw/pdf/48_2024_TT_BGTVT_p12.pdf|raw/pdf/48_2024_TT_BGTVT_p13.pdf|raw/pdf/48_2024_TT_BGTVT_p14.pdf|raw/pdf/48_2024_TT_BGTVT_p16.pdf|raw/pdf/48_2024_TT_BGTVT_p17.pdf|raw/pdf/48_2024_TT_BGTVT_p18.pdf|raw/pdf/48_2024_TT_BGTVT_p19.pdf|raw/pdf/48_2024_TT_BGTVT_p20.pdf|raw/pdf/48_2024_TT_BGTVT_p21.pdf|raw/pdf/48_2024_TT_BGTVT_p22.pdf|raw/pdf/48_2024_TT_BGTVT_p23.pdf
69_2024_TT_BCA,69/2024/TT-BCA,"Chỉ huy, điều khiển GTĐB của CSGT",TT,BCA,Implementing,Còn hiệu lực,https://congbao.chinhphu.vn/van-ban/thong-tu-so-69-2024-tt-bca-43222/52821.htm,congbao_pdf,183,24,52795,ok,raw/pdf/69_2024_TT_BCA.pdf
79_2024_TT_BCA,79/2024/TT-BCA,"Cấp/thu hồi đăng ký xe, biển số xe",TT,BCA,Implementing,Còn hiệu lực,https://congbao.chinhphu.vn/van-ban/thong-tu-so-79-2024-tt-bca-43337/53043.htm,congbao_pdf,437,40,173588,ok,raw/pdf/79_2024_TT_BCA.pdf|raw/pdf/79_2024_TT_BCA_cb53043.pdf|raw/pdf/79_2024_TT_BCA_cb53056.pdf|raw/pdf/79_2024_TT_BCA_p2.pdf
81_2024_TT_BCA,81/2024/TT-BCA,QCVN biển số xe,TT,BCA,Implementing,Còn hiệu lực,https://congbao.chinhphu.vn/van-ban/thong-tu-so-81-2024-tt-bca-43345/53069.htm,congbao_pdf,80,3,21005,ok,raw/pdf/81_2024_TT_BCA.pdf
108_2026_TT_BCA,108/2026/TT-BCA,"Sát hạch, cấp GPLX (hiện hành)",Thông tư,Bộ Công an,Implementing,Còn hiệu lực,https://congbao.chinhphu.vn/van-ban/thong-tu-so-108-2026-tt-bca-470055.htm,congbao_docx,831,47,226905,ok,raw/doc/108_2026_TT_BCA.docx
12_2025_TT_BCA,12/2025/TT-BCA,"Sát hạch, cấp GPLX (cũ)",Thông tư,Bộ Công an,Superseded,Hết hiệu lực từ 2026-07-01; giữ để tra cứu lịch sử/chuyển tiếp,https://congbao.chinhphu.vn/van-ban/thong-tu-so-12-2025-tt-bca-44366.htm,congbao_doc,934,39,226070,ok,raw/pdf/12_2025_TT_BCA.pdf|raw/pdf/12_2025_TT_BCA_cb55281.pdf|raw/pdf/12_2025_TT_BCA_cb55284.pdf
51_2024_TT_BGTVT,51/2024/TT-BGTVT,QCVN báo hiệu đường bộ,Thông tư,Bộ GTVT,Implementing,Còn hiệu lực,https://congbao.chinhphu.vn/van-ban/thong-tu-so-51-2024-tt-bgtvt-43387.htm,congbao_doc,89,84,313049,ok,raw/pdf/51_2024_TT_BGTVT.pdf|raw/pdf/51_2024_TT_BGTVT_cb53148.pdf|raw/pdf/51_2024_TT_BGTVT_cb53152.pdf|raw/pdf/51_2024_TT_BGTVT_cb53155.pdf|raw/pdf/51_2024_TT_BGTVT_cb53158.pdf|raw/pdf/51_2024_TT_BGTVT_cb53161.pdf
65_2024_TT_BCA,65/2024/TT-BCA,Phục hồi điểm GPLX,Thông tư,Bộ Công an,Implementing,Còn hiệu lực,https://congbao.chinhphu.vn/van-ban/thong-tu-so-65-2024-tt-bca-43251.htm,congbao_doc,69,11,23952,ok,raw/pdf/65_2024_TT_BCA.pdf
71_2024_TT_BCA,71/2024/TT-BCA,QL dữ liệu GSHT & ghi hình người lái,Thông tư,Bộ Công an,Implementing,Còn hiệu lực,https://congbao.chinhphu.vn/van-ban/thong-tu-so-71-2024-tt-bca-43215.htm,congbao_doc,131,15,29714,ok,raw/pdf/71_2024_TT_BCA.pdf
72_2024_TT_BCA,72/2024/TT-BCA,"Điều tra, giải quyết TNGT",Thông tư,Bộ Công an,Implementing,Còn hiệu lực,https://congbao.chinhphu.vn/van-ban/thong-tu-so-72-2024-tt-bca-43281.htm,congbao_doc,320,29,215581,ok,raw/pdf/72_2024_TT_BCA.pdf
73_2024_TT_BCA,73/2024/TT-BCA,"Tuần tra, xử lý VPHC CSGT",Thông tư,Bộ Công an,Implementing,Còn hiệu lực,https://congbao.chinhphu.vn/van-ban/thong-tu-so-73-2024-tt-bca-43336/53041.htm,congbao_pdf,247,33,96323,ok,raw/pdf/73_2024_TT_BCA.pdf
118_2021_ND_CP,118/2021/NĐ-CP,Quy định chi tiết một số điều và biện pháp thi hành Luật Xử lý vi phạm hành chính,NĐ,Chính phủ,Foundational,,https://congbao.chinhphu.vn/van-ban/x-36385.htm,congbao_pdf,1222,43,667413,ok,raw/pdf/118_2021_ND_CP_cb39095.pdf|raw/pdf/118_2021_ND_CP_cb39103.pdf|raw/pdf/118_2021_ND_CP_cb39106.pdf
135_2021_ND_CP,135/2021/NĐ-CP,"Danh mục, quản lý, sử dụng phương tiện, thiết bị kỹ thuật nghiệp vụ và quy trình thu thập, sử dụng dữ liệu thu được để phát hiện vi phạm hành chính",NĐ,Chính phủ,Superseded,Bị bãi bỏ từ 01/04/2026 bởi 61/2026/NĐ-CP,https://congbao.chinhphu.vn/van-ban/x-36493.htm,congbao_pdf,424,25,51923,ok,raw/pdf/135_2021_ND_CP_cb39310.pdf
67_2023_ND_CP,67/2023/NĐ-CP,"Bảo hiểm bắt buộc trách nhiệm dân sự của chủ xe cơ giới; bảo hiểm cháy, nổ bắt buộc; bảo hiểm bắt buộc trong hoạt động đầu tư xây dựng",NĐ,Chính phủ,Implementing,,https://congbao.chinhphu.vn/van-ban/x-40096.htm,congbao_pdf,861,78,282167,ok,raw/pdf/67_2023_ND_CP_cb46430.pdf|raw/pdf/67_2023_ND_CP_cb46433.pdf
220_2026_ND_CP,220/2026/NĐ-CP,"Sửa đổi, bổ sung Nghị định 67/2023/NĐ-CP về bảo hiểm bắt buộc",NĐ,Chính phủ,Implementing,,https://congbao.chinhphu.vn/van-ban/x-469840.htm,congbao_pdf,49,10,49194,ok,raw/pdf/220_2026_ND_CP_cb469840.pdf
03_2021_ND_CP,03/2021/NĐ-CP,Bảo hiểm bắt buộc trách nhiệm dân sự của chủ xe cơ giới,NĐ,Chính phủ,Superseded,Hết hiệu lực từ 2023-09-06; giữ để tra cứu lịch sử/chuyển tiếp,https://congbao.chinhphu.vn/van-ban/x-33026.htm,congbao_pdf,367,47,142897,ok,raw/pdf/03_2021_ND_CP_cb34365.pdf
34_2024_TT_BGTVT,34/2024/TT-BGTVT,Quy định về hoạt động trạm thu phí đường bộ,TT,BGTVT,Implementing,,https://congbao.chinhphu.vn/van-ban/x-43232.htm,congbao_pdf,201,26,55179,ok,raw/pdf/34_2024_TT_BGTVT_cb52836.pdf
40_2024_TT_BGTVT,40/2024/TT-BGTVT,"Công tác phòng, chống, khắc phục hậu quả thiên tai trong lĩnh vực đường bộ",TT,BGTVT,Implementing,,https://congbao.chinhphu.vn/van-ban/x-43368.htm,congbao_pdf,257,25,56623,ok,raw/pdf/40_2024_TT_BGTVT_cb53114.pdf
45_2024_TT_BGTVT,45/2024/TT-BGTVT,"Cấp mới, cấp lại, tạm đình chỉ, thu hồi chứng chỉ đăng kiểm viên",TT,BGTVT,Implementing,,https://congbao.chinhphu.vn/van-ban/x-43595.htm,congbao_pdf,205,19,49393,ok,raw/pdf/45_2024_TT_BGTVT_cb53754.pdf
47_2024_TT_BGTVT,47/2024/TT-BGTVT,"Trình tự, thủ tục kiểm định, miễn kiểm định lần đầu; chứng nhận an toàn kỹ thuật và bảo vệ môi trường xe cải tạo; kiểm định khí thải xe mô tô, xe gắn máy",TT,BGTVT,Superseded,Bị bãi bỏ từ 01/07/2026 bởi 30/2026/TT-BXD,https://congbao.chinhphu.vn/van-ban/x-43619.htm,congbao_pdf,423,35,150758,ok,raw/pdf/47_2024_TT_BGTVT_cb53791.pdf
50_2024_TT_BGTVT,50/2024/TT-BGTVT,"Quy chuẩn kỹ thuật quốc gia về cơ sở vật chất, vị trí cơ sở đăng kiểm xe cơ giới, cơ sở kiểm định khí thải và cơ sở bảo hành, bảo dưỡng ô tô",TT,BGTVT,Technical,,https://congbao.chinhphu.vn/van-ban/x-43663.htm,congbao_pdf,46,2,70754,ok,raw/pdf/50_2024_TT_BGTVT_cb53871.pdf
52_2024_TT_BGTVT,52/2024/TT-BGTVT,"Yêu cầu kỹ thuật đối với xe cơ giới, xe máy chuyên dùng thuộc đối tượng nghiên cứu phát triển tham gia giao thông đường bộ",TT,BGTVT,Implementing,,https://congbao.chinhphu.vn/van-ban/x-43382.htm,congbao_pdf,76,7,16024,ok,raw/pdf/52_2024_TT_BGTVT_cb53139.pdf
53_2024_TT_BGTVT,53/2024/TT-BGTVT,"Phân loại phương tiện giao thông đường bộ và dấu hiệu nhận biết xe cơ giới sử dụng năng lượng sạch, năng lượng xanh",TT,BGTVT,Implementing,,https://congbao.chinhphu.vn/van-ban/x-43393.htm,congbao_pdf,61,12,46721,ok,raw/pdf/53_2024_TT_BGTVT_cb53163.pdf
55_2024_TT_BGTVT,55/2024/TT-BGTVT,"Trình tự, thủ tục chứng nhận chất lượng an toàn kỹ thuật và bảo vệ môi trường của xe cơ giới, xe máy chuyên dùng",TT,BGTVT,Implementing,,https://congbao.chinhphu.vn/van-ban/x-43625.htm,congbao_pdf,422,24,450966,ok,raw/pdf/55_2024_TT_BGTVT_cb53798.pdf|raw/pdf/55_2024_TT_BGTVT_cb53801.pdf|raw/pdf/55_2024_TT_BGTVT_cb53807.pdf
56_2024_TT_BGTVT,56/2024/TT-BGTVT,"Quy chuẩn kỹ thuật quốc gia về bến xe khách, bến xe hàng, trạm dừng nghỉ và công trình kiểm soát tải trọng xe",TT,BGTVT,Technical,,https://congbao.chinhphu.vn/van-ban/x-43602.htm,congbao_pdf,281,2,81000,ok,raw/pdf/56_2024_TT_BGTVT_cb53762.pdf
83_2024_TT_BCA,83/2024/TT-BCA,"Xây dựng, quản lý, vận hành, khai thác hệ thống giám sát bảo đảm an ninh, trật tự, an toàn giao thông đường bộ",TT,BCA,Implementing,,https://congbao.chinhphu.vn/van-ban/x-43231.htm,congbao_pdf,50,14,12318,ok,raw/pdf/83_2024_TT_BCA_cb52834.pdf
54_2019_TT_BGTVT,54/2019/TT-BGTVT,Ban hành QCVN 41:2019/BGTVT về báo hiệu đường bộ,TT,BGTVT,Superseded,Hết hiệu lực từ 2025-01-01; giữ để tra cứu lịch sử/chuyển tiếp,https://congbao.chinhphu.vn/van-ban/x-30665.htm,congbao_pdf,96,90,321917,ok,raw/pdf/54_2019_TT_BGTVT_cb29884.pdf|raw/pdf/54_2019_TT_BGTVT_cb30010.pdf|raw/pdf/54_2019_TT_BGTVT_cb30013.pdf
32_2023_TT_BCA,32/2023/TT-BCA,"Nhiệm vụ, quyền hạn, hình thức, nội dung và quy trình tuần tra, kiểm soát, xử lý vi phạm hành chính về giao thông đường bộ của Cảnh sát giao thông",TT,BCA,Superseded,Hết hiệu lực từ 2025-01-01; giữ để tra cứu lịch sử/chuyển tiếp,https://congbao.chinhphu.vn/van-ban/x-40111.htm,congbao_pdf,276,36,95926,ok,raw/pdf/32_2023_TT_BCA_cb46458.pdf
05_2024_TT_BGTVT,05/2024/TT-BGTVT,"Sửa đổi, bổ sung một số điều của các Thông tư liên quan đến lĩnh vực vận tải đường bộ, dịch vụ hỗ trợ vận tải đường bộ, phương tiện và người lái",TT,BGTVT,Superseded,,https://congbao.chinhphu.vn/van-ban/x-41648.htm,congbao_pdf,1100,6,280804,ok,raw/pdf/05_2024_TT_BGTVT_cb49653.pdf|raw/pdf/05_2024_TT_BGTVT_cb49656.pdf
44_2019_QH14,44/2019/QH14,"Luật Phòng, chống tác hại của rượu, bia",Luật,Quốc hội,Adjacent,,https://congbao.chinhphu.vn/van-ban/x-29251.htm,congbao_pdf,222,36,31400,ok,raw/pdf/44_2019_QH14_cb27285.pdf
49_VBHN_VPQH,49/VBHN-VPQH,Văn bản hợp nhất Luật Đường bộ (35/2024 + 118/2025),VBHN,VPQH,Core,Công cụ tra cứu hợp nhất,https://congbao.chinhphu.vn/van-ban/x-28601.htm,congbao_pdf,844,85,160360,ok,raw/pdf/49_VBHN_VPQH_cb469134.pdf
55_VBHN_VPQH,55/VBHN-VPQH,"Văn bản hợp nhất Luật Trật tự, an toàn giao thông đường bộ (36/2024 + 118/2025)",VBHN,VPQH,Core,Công cụ tra cứu hợp nhất,https://congbao.chinhphu.vn/van-ban/x-469185.htm,congbao_pdf,942,89,181099,ok,raw/pdf/55_VBHN_VPQH_cb469185.pdf
22_VBHN_BXD,22/VBHN-BXD,Văn bản hợp nhất Nghị định quy định xử phạt vi phạm hành chính trong lĩnh vực giao thông đường thủy nội địa,VBHN,BXD,OutOfScope,Hợp nhất nghị định về đường thủy nội địa; không phải nguồn xử phạt đường bộ,https://congbao.chinhphu.vn/van-ban/x-469373.htm,congbao_pdf,835,61,160910,ok,raw/pdf/22_VBHN_BXD_cb469373.pdf
58_VBHN_BXD,58/VBHN-BXD,Văn bản hợp nhất Nghị định quy định về hoạt động vận tải đường bộ,VBHN,BXD,Implementing,Hợp nhất chuỗi NĐ 158/2024,https://congbao.chinhphu.vn/van-ban/x-470058.htm,congbao_pdf,1342,78,547839,ok,raw/pdf/58_VBHN_BXD_cb470058.pdf
26_VBHN_BXD,26/VBHN-BXD,"Văn bản hợp nhất Thông tư quy định về tải trọng, khổ giới hạn đường bộ",VBHN,BXD,Implementing,Hợp nhất chuỗi TT 39/2024,https://congbao.chinhphu.vn/van-ban/x-469689.htm,congbao_pdf,342,33,114472,ok,raw/pdf/26_VBHN_BXD_cb469739.pdf
27_VBHN_BXD,27/VBHN-BXD,Văn bản hợp nhất Thông tư quy định về đào tạo lái xe; bồi dưỡng kiến thức pháp luật giao thông đường bộ,VBHN,BXD,Implementing,Hợp nhất chuỗi TT 35/2024,https://moc.gov.vn/pl/pages/ChiTietVanBan.aspx?TypeVB=2&vID=701,congbao_pdf,624,34,228149,ok,raw/pdf/27_VBHN_BXD_cb469765.pdf
24_VBHN_BXD,24/VBHN-BXD,"Văn bản hợp nhất Thông tư quy định về tổ chức, quản lý hoạt động vận tải bằng xe ô tô",VBHN,BXD,Implementing,Hợp nhất chuỗi TT 36/2024,https://congbao.chinhphu.vn/van-ban/x-469592.htm,congbao_pdf,501,47,201627,ok,raw/pdf/24_VBHN_BXD_cb469738.pdf
28_VBHN_BXD,28/VBHN-BXD,"Văn bản hợp nhất Thông tư quy định về công tác phòng, chống, khắc phục hậu quả thiên tai trong lĩnh vực đường bộ",VBHN,BXD,Implementing,Hợp nhất chuỗi TT 40/2024,https://congbao.chinhphu.vn/van-ban/x-469690.htm,congbao_pdf,260,23,122977,ok,raw/pdf/28_VBHN_BXD_cb469690.pdf
27_VBHN_BXD_QLVH,27/VBHN-BXD-QLVH,"Văn bản hợp nhất Thông tư quy định về quản lý, vận hành, khai thác, bảo trì kết cấu hạ tầng đường bộ",VBHN,BXD,Implementing,Hợp nhất chuỗi TT 41/2024,https://congbao.chinhphu.vn/van-ban/x-469708.htm,congbao_pdf,603,22,279799,ok,raw/pdf/27_VBHN_BXD_QLVH_cb469708.pdf
56_VBHN_BXD,56/VBHN-BXD,"Văn bản hợp nhất Nghị định quy định chi tiết thi hành một số điều liên quan đến lĩnh vực giao thông vận tải trong Luật sửa đổi, bổ sung một số điều của 37 luật có liên quan đến quy hoạch",VBHN,BXD,Implementing,Hợp nhất nghị định về quy hoạch giao thông vận tải; không phải NĐ hướng dẫn chung Luật Đường bộ,https://congbao.chinhphu.vn/van-ban/x-469946.htm,congbao_pdf,189,29,25943,ok,raw/pdf/56_VBHN_BXD_cb469946.pdf
364_2025_ND_CP,364/2025/NĐ-CP,Phí sử dụng đường bộ thu qua đầu phương tiện ô tô,NĐ,Chính phủ,Implementing,,https://congbao.chinhphu.vn/van-ban/x-468589.htm,congbao_pdf,126,11,47590,ok,raw/pdf/364_2025_ND_CP_cb1.pdf
72_2025_TT_BXD,72/2025/TT-BXD,"Sửa đổi, bổ sung một số điều của các Thông tư 36/2024, 40/2024, 41/2024/TT-BGTVT",TT,BXD,Implementing,,https://congbao.chinhphu.vn/van-ban/x-468850.htm,congbao_pdf,506,25,193477,ok,raw/pdf/72_2025_TT_BXD_cb1.pdf
100_2015_QH13,100/2015/QH13,Bộ luật Hình sự (Điều 260 vi phạm quy định về tham gia giao thông đường bộ; Điều 261-266),Bộ luật,Quốc hội,Adjacent,"Còn hiệu lực; sửa đổi bởi 12/2017/QH14, 86/2025/QH15",https://congbao.chinhphu.vn/van-ban/x-18096.htm,congbao_pdf,4769,425,568011,ok,raw/pdf/100_2015_QH13_cb28629.pdf|raw/pdf/100_2015_QH13_cb28630.pdf|raw/pdf/100_2015_QH13_cb28631.pdf|raw/pdf/100_2015_QH13_cb28632.pdf
91_2015_QH13,91/2015/QH13,Bộ luật Dân sự (bồi thường thiệt hại ngoài hợp đồng; nguồn nguy hiểm cao độ Điều 601),Bộ luật,Quốc hội,Adjacent,Còn hiệu lực,https://congbao.chinhphu.vn/van-ban/x-14952.htm,congbao_pdf,2419,689,376450,ok,raw/pdf/91_2015_QH13_cb12965.pdf|raw/pdf/91_2015_QH13_cb12968.pdf
86_2025_QH15,86/2025/QH15,"Luật sửa đổi, bổ sung một số điều của Bộ luật Hình sự",Luật,Quốc hội,Adjacent,Còn hiệu lực,https://congbao.chinhphu.vn/van-ban/x-45528.htm,congbao_pdf,635,16,109424,ok,raw/pdf/86_2025_QH15_cb57612.pdf
11_VBHN_VPQH,11/VBHN-VPQH,Văn bản hợp nhất Bộ luật Hình sự,VBHN,VPQH,Adjacent,Công cụ tra cứu hợp nhất,https://congbao.chinhphu.vn/van-ban/x-17539.htm,congbao_pdf,3729,408,622910,ok,raw/pdf/11_VBHN_VPQH_cb55399.pdf|raw/pdf/11_VBHN_VPQH_cb55402.pdf|raw/pdf/11_VBHN_VPQH_cb55405.pdf|raw/pdf/11_VBHN_VPQH_cb55408.pdf
26_2014_TTLT_BYT_BCA,26/2014/TTLT-BYT-BCA,Quy định về xét nghiệm nồng độ cồn trong máu của người điều khiển phương tiện giao thông cơ giới đường bộ,TTLT,BYT-BCA,Implementing,Còn hiệu lực,https://congbao.chinhphu.vn/van-ban/x-12543.htm,congbao_pdf,40,9,14347,ok,raw/pdf/26_2014_TTLT_BYT_BCA_cb7992.pdf
90_VBHN_VPQH,90/VBHN-VPQH,"Văn bản hợp nhất Luật Xử lý vi phạm hành chính (nền tảng thẩm quyền, thủ tục, thời hiệu xử phạt)",VBHN,VPQH,Foundational,Bản hợp nhất mới nhất — thay cho tra cứu 15/2012 + 67/2020 + 88/2025,https://congbao.chinhphu.vn/van-ban/x-45984.htm,congbao_pdf,707,136,252193,ok,raw/pdf/90_VBHN_VPQH_cb469265.pdf
88_2025_QH15,88/2025/QH15,"Luật sửa đổi, bổ sung một số điều của Luật Xử lý vi phạm hành chính",Luật,Quốc hội,Foundational,Còn hiệu lực,https://congbao.chinhphu.vn/van-ban/x-45522.htm,congbao_pdf,165,3,43116,ok,raw/pdf/88_2025_QH15_cb57601.pdf
1651_VBHN_BTP,1651/VBHN-BTP,Văn bản hợp nhất Nghị định quy định chi tiết một số điều và biện pháp thi hành Luật Xử lý vi phạm hành chính,VBHN,BTP,Foundational,Bản hợp nhất đến 28/03/2025; chưa chứa sửa đổi 190/2025/NĐ-CP,https://congbao.chinhphu.vn/van-ban/x-44676.htm,congbao_pdf,1247,43,689956,ok,raw/pdf/1651_VBHN_BTP_cb55938.pdf|raw/pdf/1651_VBHN_BTP_cb55941.pdf|raw/pdf/1651_VBHN_BTP_cb55944.pdf|raw/pdf/1651_VBHN_BTP_cb55948.pdf
15_2012_QH13,15/2012/QH13,Luật Xử lý vi phạm hành chính (bản gốc 2012),Luật,Quốc hội,Foundational,Đã sửa đổi bởi 67/2020/QH14 và 88/2025/QH15 — xem bản hợp nhất 90/VBHN-VPQH,https://congbao.chinhphu.vn/van-ban/x-915.htm,congbao_pdf,992,142,189658,ok,raw/pdf/15_2012_QH13_cb11323.pdf
89_2026_ND_CP,89/2026/NĐ-CP,"Nghị định số 89/2026/NĐ-CP quy định về điều kiện kinh doanh dịch vụ kiểm định xe cơ giới; tổ chức, hoạt động của cơ sở đăng kiểm; niên hạn sử dụng của xe cơ giới",NĐ,Chính phủ,Implementing,Có hiệu lực tại 2026-09-30,https://congbao.chinhphu.vn/van-ban/nghi-dinh-so-89-2026-nd-cp-469237/63866.htm,congbao_pdf,,,,raw_only_not_processed,raw/pdf/89_2026_ND_CP.pdf
30_2026_TT_BXD,30/2026/TT-BXD,"Thông tư số 30/2026/TT-BXD quy định trình tự, thủ tục kiểm định, miễn kiểm định lần đầu cho xe cơ giới, xe máy chuyên dùng; trình tự, thủ tục chứng nhận an toàn kỹ thuật và bảo vệ môi trường đối với xe cơ giới cải tạo, xe máy chuyên dùng cải tạo; trình tự, thủ tục kiểm định khí thải xe mô tô, xe gắn máy",TT,Bộ Xây dựng,Implementing,Có hiệu lực tại 2026-09-30,https://congbao.chinhphu.vn/van-ban/thong-tu-so-30-2026-tt-bxd-469941.htm,congbao_pdf,,,,raw_only_not_processed,raw/pdf/30_2026_TT_BXD.pdf
61_2026_ND_CP,61/2026/NĐ-CP,"Nghị định số 61/2026/NĐ-CP quy định về danh mục, việc quản lý, sử dụng phương tiện, thiết bị kỹ thuật nghiệp vụ và quy trình thu thập, sử dụng dữ liệu thu được từ phương tiện, thiết bị kỹ thuật do cá nhân, tổ chức cung cấp để phát hiện vi phạm hành chính",NĐ,Chính phủ,Implementing,Có hiệu lực tại 2026-09-30,https://congbao.chinhphu.vn/van-ban/nghi-dinh-so-61-2026-nd-cp-468978/62907.htm,congbao_pdf,,,,raw_only_not_processed,raw/pdf/61_2026_ND_CP.pdf
68_2025_ND_CP,68/2025/NĐ-CP,"Nghị định số 68/2025/NĐ-CP sửa đổi, bổ sung một số điều của Nghị định số 118/2021/NĐ-CP ngày 23 tháng 12 năm 2021 của Chính phủ quy định chi tiết một số điều và biện pháp thi hành Luật Xử lý vi phạm hành chính.",NĐ,Chính phủ,Implementing,Có hiệu lực tại 2026-09-30,https://congbao.chinhphu.vn/van-ban/nghi-dinh-so-68-2025-nd-cp-44617.htm,congbao_pdf,,,,raw_only_not_processed,raw/pdf/68_2025_ND_CP.pdf
190_2025_ND_CP,190/2025/NĐ-CP,"Nghị định số 190/2025/NĐ-CP sửa đổi, bổ sung một số điều của Nghị định số 118/2021/NĐ-CP ngày 23 tháng 12 năm 2021 của Chính phủ quy định chi tiết một số điều và biện pháp thi hành Luật Xử lý vi phạm hành chính được sửa đổi, bổ sung theo Nghị định số 68/2025/NĐ-CP ngày 18 tháng 3 năm 2025 của Chính phủ và Nghị định số 120/2021/NĐ-CP ngày 24 tháng 12 năm 2021 của Chính phủ quy định chế độ áp dụng biện pháp xử lý hành chính giáo dục tại xã, phường, thị trấn.",NĐ,Chính phủ,Implementing,Có hiệu lực tại 2026-09-30,https://congbao.chinhphu.vn/van-ban/nghi-dinh-so-190-2025-nd-cp-45601.htm,congbao_pdf,,,,raw_only_not_processed,raw/pdf/190_2025_ND_CP.pdf
13_2025_TT_BCA,13/2025/TT-BCA,"Thông tư số 13/2025/TT-BCA sửa đổi, bổ sung một số điều của các thông tư quy định về trật tự, an toàn giao thông đường bộ, đường sắt và đường thủy nội địa.",TT,Bộ Công an,Implementing,Có hiệu lực tại 2026-09-30,https://congbao.chinhphu.vn/van-ban/thong-tu-so-13-2025-tt-bca-44372.htm,congbao_pdf,,,,raw_only_not_processed,raw/pdf/13_2025_TT_BCA_part1.pdf|raw/pdf/13_2025_TT_BCA_part2.pdf
51_2025_TT_BCA,51/2025/TT-BCA,"Thông tư số 51/2025/TT-BCA sửa đổi, bổ sung một số điều của Thông tư số 79/2024/TT-BCA ngày 15 tháng 11 năm 2024 của Bộ trưởng Bộ Công an quy định về cấp, thu hồi chứng nhận đăng ký xe, biển số xe cơ giới, xe máy chuyên dùng đã được sửa đổi, bổ sung tại Thông tư số 13/2025/TT-BCA ngày 28 tháng 02 năm 2025 của Bộ trưởng Bộ Công an.",TT,Bộ Công an,Implementing,Có hiệu lực tại 2026-09-30,https://congbao.chinhphu.vn/van-ban/thong-tu-so-51-2025-tt-bca-45356.htm,congbao_pdf,,,,raw_only_not_processed,raw/pdf/51_2025_TT_BCA.pdf
45_2026_TT_BXD,45/2026/TT-BXD,"Thông tư số 45/2026/TT-BXD của Bộ Xây dựng: Sửa đổi, bổ sung một số điều của các Thông tư trong lĩnh vực đăng kiểm phương tiện giao thông đường bộ",TT,Bộ Xây dựng,Implementing,Có hiệu lực tại 2026-09-30,https://vanban.chinhphu.vn/?classid=1&docid=218888&pageid=27160,chinhphu_pdf,,,,raw_only_not_processed,raw/pdf/45_2026_TT_BXD.pdf
105_VBHN_VPQH_TPTN,105/VBHN-VPQH,Văn bản hợp nhất số 105/VBHN-VPQH hợp nhất Luật Tư pháp người chưa thành niên,VBHN,Văn phòng Quốc hội,Supporting,Bản hợp nhất để tra cứu; không có hiệu lực độc lập,https://congbao.chinhphu.vn/van-ban/van-ban-hop-nhat-so-105-vbhn-vpqh-469570/65164.htm,congbao_pdf,,,,raw_only_not_processed,raw/pdf/105_VBHN_VPQH_TPTN.pdf
09_2025_TT_BXD,09/2025/TT-BXD,"Thông tư số 09/2025/TT-BXD sửa đổi, bổ sung một số điều của các Thông tư thuộc lĩnh vực quản lý nhà nước của Bộ Xây dựng liên quan đến sắp xếp tổ chức bộ máy, thực hiện chính quyền địa phương 02 cấp và phân cấp cho chính quyền địa phương.",TT,Bộ Xây dựng,Implementing,Có hiệu lực tại 2026-09-30,https://congbao.chinhphu.vn/van-ban/thong-tu-so-09-2025-tt-bxd-45399.htm,congbao_pdf,,,,raw_only_not_processed,raw/pdf/09_2025_TT_BXD.pdf
